1891;;;
Alessandria-Ancona;1393249,230404;0;0
Alessandria-Aquila;1022114,5147239999;0;0
Alessandria-Avellino;1272404,4409999999;0;145955,650998
Alessandria-Bari;1589347,3793239999;0;0
Alessandria-Belluno;606982,519751;0;0
Alessandria-Benevento;1230603,6408509999;0;186794,22887
Alessandria-Bergamo;202519,95075;0;0
Alessandria-Bologna;341137,116344;0;0
Alessandria-Brescia;242991,130821;0;0
Alessandria-Cagliari;953969,4672529999;570000,0;0
Alessandria-Campobasso;1343810,4080049996;0;186794,22887
Alessandria-Caserta;1175993,743703;0;65135,005122
Alessandria-Catania;1351741,8233059999;392000,0;123196,873179
Alessandria-Catanzaro;1525635,985455;430000,0;456806,03851999994
Alessandria-Chieti;1393249,230404;230000,0;0
Alessandria-Cremona;263187,82117999997;0;0
Alessandria-Cuneo;181592,059202;0;45425,655352
Alessandria-Ferrara;391647,34946399997;0;0
Alessandria-Firenze;525644,7270229999;0;0
Alessandria-Foggia;1427291,756279;0;0
Alessandria-Forlì;431048,85586999997;0;0
Alessandria-Genova;8460,561093;0;103062,511925
Alessandria-Agrigento;1161285,396766;600000,0;123196,873179
Alessandria-Grosseto;794185,264731;0;38246,422581
Alessandria-Lecce;1525635,985455;0;456806,03851999994
Alessandria-Livorno;656669,1247469999;0;0
Alessandria-Lucca;661790,0920729999;0;0
Alessandria-Mantova;350412,84363799996;0;0
Alessandria-Massa e Carrara;687375,7426759999;0;0
Alessandria-Messina;1232500,9728549998;392000,0;123196,873179
Alessandria-Milano;126495,71038499998;0;0
Alessandria-Napoli;1161285,396766;0;123196,873179
Alessandria-Novara;95066,352891;0;0
Alessandria-Padova;445904,563709;0;0
Alessandria-Palermo;1161285,396766;410000,0;123196,873179
Alessandria-Parma;216136,530339;0;0
Alessandria-Pavia;112072,80208100002;0;0
Alessandria-Pesaro;493681,266035;110000,0;0
Alessandria-Piacenza;135769,367673;0;0
Alessandria-Pisa;631811,6193639999;0;0
Alessandria-Porto Maurizio;8460,561093;125000,0;103062,511925
Alessandria-Ravenna;493681,266035;0;0
Alessandria-Reggio Calabria;1232500,9728549998;374000,0;123196,873179
Alessandria-Roma;953969,4672529999;0;0
Alessandria-Rovigo;437069,759808;0;0
Alessandria-Salerno;1232500,9728549998;0;123196,873179
Alessandria-Sassari;656669,1247469999;500000,0;0
Alessandria-Siena;654172,6583259999;0;0
Alessandria-Siracusa;1459866,686211;392000,0;123196,873179
Alessandria-Sondrio;299744,066137;0;55798,037236000004
Alessandria-Torino;125723,096892;0;0
Alessandria-Trapani;1406632,50693;410000,0;123196,873179
Alessandria-Treviso;486727,933477;0;0
Alessandria-Udine;614783,157826;0;24899,352596
Alessandria-Venezia;391647,34946399997;220000,0;0
Alessandria-Verona;334532,118646;0;0
Alessandria-Vicenza;402595,890538;0;0
Ancona-Aquila;371134,71568;0;0
Ancona-Avellino;502216,67310300004;0;157572,426213
Ancona-Bari;599150,801802;0;0
Ancona-Belluno;1436039,0111750003;0;63000,044255
Ancona-Benevento;572069,7419520002;0;0
Ancona-Bergamo;1332177,266575;0;81770,08941300001
Ancona-Bologna;1052112,11406;0;0
Ancona-Brescia;1357027,909255;0;63000,044255
Ancona-Cagliari;520330,039742;570000,0;0
Ancona-Campobasso;685276,5091060002;0;0
Ancona-Caserta;686337,4752080003;0;63597,355691
Ancona-Catania;661360,9916989999;392000,0;180331,204032
Ancona-Catanzaro;796152,604288;430000,0;0
Ancona-Chieti;0;230000,0;0
Ancona-Cremona;1209477,552549;0;81770,08941300001
Ancona-Cuneo;1574841,2896059998;0;45425,655352
Ancona-Ferrara;1080896,3712600002;0;63000,044255
Ancona-Firenze;867604,503381;0;0
Ancona-Foggia;437095,178757;0;0
Ancona-Forlì;1142023,8535860002;0;0
Ancona-Genova;1401709,7914969998;0;103062,511925
Ancona-Agrigento;641387,9860370003;600000,0;63597,355691
Ancona-Grosseto;665200,409389;0;670,062777
Ancona-Lecce;796152,604288;0;0
Ancona-Livorno;802716,549373;0;38916,485358
Ancona-Lucca;857552,527465;0;38916,485358
Ancona-Mantova;1258645,8088850002;0;63000,044255
Ancona-Massa e Carrara;883138,178068;0;38916,485358
Ancona-Messina;542120,141248;392000,0;180331,204032
Ancona-Milano;1354561,190197;0;0
Ancona-Napoli;641387,9860370003;0;63597,355691
Ancona-Novara;1424456,010279;0;0
Ancona-Padova;1188343,708791;0;63000,044255
Ancona-Palermo;641387,9860370003;410000,0;63597,355691
Ancona-Parma;1177112,700065;0;0
Ancona-Pavia;1395408,682037;0;5156,378091
Ancona-Pesaro;0;80000,0;0
Ancona-Piacenza;1257479,862731;0;0
Ancona-Pisa;827574,054756;0;38916,485358
Ancona-Porto Maurizio;1401709,7914969998;125000,0;103062,511925
Ancona-Ravenna;1182930,287831;0;63000,044255
Ancona-Reggio Calabria;542120,141248;374000,0;180331,204032
Ancona-Roma;520330,039742;0;0
Ancona-Rovigo;1126318,7816040001;0;63000,044255
Ancona-Salerno;542120,141248;0;180331,204032
Ancona-Sassari;520330,039742;480000,0;0
Ancona-Siena;996132,434684;0;0
Ancona-Siracusa;769485,854604;392000,0;180331,204032
Ancona-Sondrio;1437265,145664;0;137568,126649
Ancona-Torino;1518972,3272959997;0;0
Ancona-Trapani;886735,0962010003;410000,0;63597,355691
Ancona-Treviso;1315784,4249010002;0;63000,044255
Ancona-Udine;1443839,6492500002;0;87899,396851
Ancona-Venezia;1080896,3712600002;220000,0;63000,044255
Ancona-Verona;1265486,92143;0;63000,044255
Ancona-Vicenza;1231652,3819620002;0;63000,044255
Aquila-Avellino;470298,735901;0;157572,426213
Aquila-Bari;567232,8646;0;0
Aquila-Belluno;1064904,295495;0;63000,044255
Aquila-Benevento;540151,80475;0;0
Aquila-Bergamo;961042,5508950002;0;81770,08941300001
Aquila-Bologna;680977,39838;0;0
Aquila-Brescia;985893,1935749998;0;63000,044255
Aquila-Cagliari;290491,44690499996;570000,0;0
Aquila-Campobasso;653358,571904;0;0
Aquila-Caserta;512515,7233549999;0;65135,005122
Aquila-Catania;629443,054497;392000,0;180331,204032
Aquila-Catanzaro;764234,667086;430000,0;0
Aquila-Chieti;371134,71568;230000,0;0
Aquila-Cremona;838342,8368690001;0;81770,08941300001
Aquila-Cuneo;1203706,5739260002;0;45425,655352
Aquila-Ferrara;709761,65558;0;63000,044255
Aquila-Firenze;496469,787701;0;0
Aquila-Foggia;405177,24155499996;0;0
Aquila-Forlì;770889,137906;0;0
Aquila-Genova;1030575,0758170001;0;103062,511925
Aquila-Agrigento;497807,3764179999;600000,0;123196,873179
Aquila-Grosseto;435361,81655199995;0;670,062777
Aquila-Lecce;764234,667086;0;0
Aquila-Livorno;572877,9565359999;0;38916,485358
Aquila-Lucca;632615,152751;0;0
Aquila-Mantova;887511,0932049999;0;63000,044255
Aquila-Massa e Carrara;658200,803354;0;0
Aquila-Messina;510202,20404599997;392000,0;180331,204032
Aquila-Milano;983426,474517;0;0
Aquila-Napoli;497807,3764179999;0;123196,873179
Aquila-Novara;1053321,294599;0;0
Aquila-Padova;817208,993111;0;63000,044255
Aquila-Palermo;497807,3764179999;410000,0;123196,873179
Aquila-Parma;805977,9843850001;0;0
Aquila-Pavia;1024273,966357;0;5156,378091
Aquila-Pesaro;371134,71568;80000,0;0
Aquila-Piacenza;886345,147051;0;0
Aquila-Pisa;602636,680042;0;0
Aquila-Porto Maurizio;1030575,0758170001;125000,0;103062,511925
Aquila-Ravenna;811795,572151;0;63000,044255
Aquila-Reggio Calabria;510202,20404599997;374000,0;180331,204032
Aquila-Roma;290491,44690499996;0;0
Aquila-Rovigo;755184,065924;0;63000,044255
Aquila-Salerno;510202,20404599997;0;180331,204032
Aquila-Sassari;290491,44690499996;480000,0;0
Aquila-Siena;624997,719004;0;0
Aquila-Siracusa;737567,917402;392000,0;180331,204032
Aquila-Sondrio;1066130,4299840003;0;137568,126649
Aquila-Torino;1147837,611616;0;0
Aquila-Trapani;743154,4865819998;410000,0;123196,873179
Aquila-Treviso;944649,7092210001;0;63000,044255
Aquila-Udine;1072704,93357;0;87899,396851
Aquila-Venezia;709761,65558;220000,0;63000,044255
Aquila-Verona;894352,2057499998;0;63000,044255
Aquila-Vicenza;860517,666282;0;63000,044255
Avellino-Bari;98765,5012;0;310850,387522
Avellino-Belluno;1315194,2217710002;0;208955,695253
Avellino-Benevento;38761,341271;0;0
Avellino-Bergamo;1211332,477171;0;227725,74041099998
Avellino-Bologna;931267,324656;0;145955,650998
Avellino-Brescia;1236183,119851;0;208955,695253
Avellino-Cagliari;318434,973747;570000,0;145955,650998
Avellino-Campobasso;151968,108425;0;0
Avellino-Caserta;156068,533405;0;22758,777819
Avellino-Catania;159144,318596;392000,0;22758,777819
Avellino-Catanzaro;253231,544455;430000,0;310850,387522
Avellino-Chieti;502216,67310300004;230000,0;157572,426213
Avellino-Cremona;1088632,763145;0;227725,74041099998
Avellino-Cuneo;1453996,500202;0;191381,30635
Avellino-Ferrara;960051,581856;0;208955,695253
Avellino-Firenze;746759,713977;0;145955,650998
Avellino-Foggia;65121,494346;0;157572,426213
Avellino-Forlì;1021179,064182;0;145955,650998
Avellino-Genova;1280865,0020929999;0;249018,162923
Avellino-Agrigento;111119,044234;600000,0;22758,777819
Avellino-Grosseto;463305,34339399997;0;146625,713775
Avellino-Lecce;253231,544455;0;310850,387522
Avellino-Livorno;600821,4833779999;0;184872,136356
Avellino-Lucca;655657,4614699999;0;184872,136356
Avellino-Mantova;1137801,019481;0;208955,695253
Avellino-Massa e Carrara;681243,1120729998;0;184872,136356
Avellino-Messina;39903,468145;392000,0;22758,777819
Avellino-Milano;1233716,4007930001;0;145955,650998
Avellino-Napoli;111119,044234;0;22758,777819
Avellino-Novara;1303611,220875;0;145955,650998
Avellino-Padova;1067498,919387;0;208955,695253
Avellino-Palermo;111119,044234;410000,0;22758,777819
Avellino-Parma;1056267,910661;0;145955,650998
Avellino-Pavia;1274563,8926330002;0;151112,029089
Avellino-Pesaro;502216,67310300004;80000,0;157572,426213
Avellino-Piacenza;1136635,073327;0;145955,650998
Avellino-Pisa;625678,9887609999;0;184872,136356
Avellino-Porto Maurizio;1280865,0020929999;125000,0;249018,162923
Avellino-Ravenna;1062085,498427;0;208955,695253
Avellino-Reggio Calabria;39903,468145;374000,0;22758,777819
Avellino-Roma;318434,973747;0;145955,650998
Avellino-Rovigo;1005473,9922;0;208955,695253
Avellino-Salerno;39903,468145;0;22758,777819
Avellino-Sassari;318434,973747;480000,0;145955,650998
Avellino-Siena;778260,2341549998;0;184872,136356
Avellino-Siracusa;267269,181501;392000,0;22758,777819
Avellino-Sondrio;1316420,35626;0;283523,777647
Avellino-Torino;1398127,5378919998;0;145955,650998
Avellino-Trapani;356466,154398;410000,0;22758,777819
Avellino-Treviso;1194939,635497;0;208955,695253
Avellino-Udine;1322994,859846;0;233855,04784900002
Avellino-Venezia;960051,581856;220000,0;208955,695253
Avellino-Verona;1144642,132026;0;208955,695253
Avellino-Vicenza;1110807,592558;0;208955,695253
Bari-Belluno;1632137,1600950002;0;63000,044255
Bari-Benevento;297030,18624;0;0
Bari-Bergamo;1528275,4154949998;0;81770,08941300001
Bari-Bologna;1248210,2629799999;0;0
Bari-Brescia;1553126,058175;0;63000,044255
Bari-Cagliari;417200,4749469999;570000,0;456806,03852
Bari-Campobasso;410236,95339400007;0;0
Bari-Caserta;254834,03460499996;0;333609,165341
Bari-Catania;257909,819796;392000,0;333609,165341
Bari-Catanzaro;197001,802486;430000,0;0
Bari-Chieti;599150,801802;230000,0;0
Bari-Cremona;1405575,7014689997;0;81770,08941300001
Bari-Cuneo;1770939,4385259997;0;45425,655352
Bari-Ferrara;1276994,52018;0;63000,044255
Bari-Firenze;1063702,652301;0;0
Bari-Foggia;162055,62304500001;0;0
Bari-Forlì;1338122,002506;0;0
Bari-Genova;1597807,9404169996;0;103062,511925
Bari-Agrigento;209884,54543399997;600000,0;333609,165341
Bari-Grosseto;562070,8445939999;0;457476,101297
Bari-Lecce;197001,802486;0;0
Bari-Livorno;699586,9845779999;0;495722,52387800004
Bari-Lucca;754422,9626699999;0;495722,52387800004
Bari-Mantova;1454743,957805;0;63000,044255
Bari-Massa e Carrara;780008,6132729999;0;495722,52387800004
Bari-Messina;138668,969345;392000,0;333609,165341
Bari-Milano;1550659,3391169999;0;0
Bari-Napoli;209884,54543399997;0;333609,165341
Bari-Novara;1620554,1591989999;0;0
Bari-Padova;1384441,857711;0;63000,044255
Bari-Palermo;209884,54543399997;410000,0;333609,165341
Bari-Parma;1373210,8489849998;0;0
Bari-Pavia;1591506,830957;0;5156,378091
Bari-Pesaro;599150,801802;80000,0;0
Bari-Piacenza;1453578,0116509998;0;0
Bari-Pisa;724444,4899609999;0;495722,52387800004
Bari-Porto Maurizio;1597807,9404169996;125000,0;103062,511925
Bari-Ravenna;1379028,436751;0;63000,044255
Bari-Reggio Calabria;138668,969345;374000,0;333609,165341
Bari-Roma;417200,4749469999;0;456806,03852
Bari-Rovigo;1322416,930524;0;63000,044255
Bari-Salerno;138668,969345;0;333609,165341
Bari-Sassari;417200,4749469999;480000,0;456806,03852
Bari-Siena;877025,7353549999;0;495722,52387800004
Bari-Siracusa;366034,682701;392000,0;333609,165341
Bari-Sondrio;1633363,2945839998;0;137568,126649
Bari-Torino;1715070,4762159996;0;0
Bari-Trapani;455231,655598;410000,0;333609,165341
Bari-Treviso;1511882,573821;0;63000,044255
Bari-Udine;1639937,79817;0;87899,396851
Bari-Venezia;1276994,52018;220000,0;63000,044255
Bari-Verona;1461585,07035;0;63000,044255
Bari-Vicenza;1427750,530882;0;63000,044255
Belluno-Benevento;1273393,4216220002;0;249794,273125
Belluno-Bergamo;434702,793116;0;0
Belluno-Bologna;383926,89711500006;0;63000,044255
Belluno-Brescia;363991,38893;0;0
Belluno-Cagliari;996759,2480240001;570000,0;63000,044255
Belluno-Campobasso;1386600,188776;0;249794,273125
Belluno-Caserta;1218783,5244740003;0;128135,049377
Belluno-Catania;1394531,6040770002;392000,0;186196,917434
Belluno-Catanzaro;1568425,7662260004;430000,0;519806,082775
Belluno-Chieti;1436039,011175;230000,0;63000,044255
Belluno-Cremona;475524,372342;0;0
Belluno-Cuneo;776996,1830740001;0;45425,655352
Belluno-Ferrara;355142,63991500007;0;0
Belluno-Firenze;568434,5077940001;0;63000,044255
Belluno-Foggia;1470081,5370500002;0;63000,044255
Belluno-Forlì;473838,63664100005;0;63000,044255
Belluno-Genova;615443,080844;0;103062,511925
Belluno-Agrigento;1204075,1775370003;600000,0;186196,917434
Belluno-Grosseto;836975,0455020001;0;101246,466836
Belluno-Lecce;1568425,7662260004;0;519806,082775
Belluno-Livorno;699458,9055180001;0;63000,044255
Belluno-Lucca;704579,8728440001;0;63000,044255
Belluno-Mantova;388299,349884;0;0
Belluno-Massa e Carrara;730165,5234470001;0;63000,044255
Belluno-Messina;1275290,7536260001;392000,0;186196,917434
Belluno-Milano;480486,809366;0;0
Belluno-Napoli;1204075,1775370003;0;186196,917434
Belluno-Novara;550381,629448;0;0
Belluno-Padova;247695,302384;0;0
Belluno-Palermo;1204075,1775370003;410000,0;186196,917434
Belluno-Parma;530653,45904;0;0
Belluno-Pavia;521334,30120600003;0;5156,378091
Belluno-Pesaro;457176,5564860001;110000,0;0
Belluno-Piacenza;577568,136832;0;0
Belluno-Pisa;674601,4001350001;0;63000,044255
Belluno-Porto Maurizio;615443,080844;125000,0;103062,511925
Belluno-Ravenna;457176,5564860001;0;0
Belluno-Reggio Calabria;1275290,7536260001;374000,0;186196,917434
Belluno-Roma;996759,2480240001;0;63000,044255
Belluno-Rovigo;309720,22957100003;0;0
Belluno-Salerno;1275290,7536260001;0;186196,917434
Belluno-Sassari;699458,9055180001;500000,0;63000,044255
Belluno-Siena;696962,439097;0;63000,044255
Belluno-Siracusa;1502656,4669820003;392000,0;186196,917434
Belluno-Sondrio;539790,672205;0;55798,037236000004
Belluno-Torino;684647,1303900001;0;0
Belluno-Trapani;1449422,2877010002;410000,0;186196,917434
Belluno-Treviso;120254,586274;0;0
Belluno-Udine;248309,81062300003;0;24899,352596
Belluno-Venezia;355142,63991500007;220000,0;0
Belluno-Verona;272450,401105;0;0
Belluno-Vicenza;204386,629213;0;0
Benevento-Bergamo;1169531,6770220003;0;268564,318283
Benevento-Bologna;889466,524507;0;186794,22887
Benevento-Brescia;1194382,319702;0;249794,273125
Benevento-Cagliari;276634,17359799996;570000,0;186794,22887
Benevento-Campobasso;113206,767154;0;0
Benevento-Caserta;114267,733256;0;63597,355691
Benevento-Catania;197905,65986699998;392000,0;22758,777819
Benevento-Catanzaro;291992,885726;430000,0;310850,387522
Benevento-Chieti;572069,7419520001;230000,0;0
Benevento-Cremona;1046831,9629960001;0;268564,318283
Benevento-Cuneo;1412195,700053;0;232219,884222
Benevento-Ferrara;918250,781707;0;249794,273125
Benevento-Firenze;704958,913828;0;186794,22887
Benevento-Foggia;134974,563195;0;0
Benevento-Forlì;979378,264033;0;186794,22887
Benevento-Genova;1239064,2019439999;0;289856,740795
Benevento-Agrigento;69318,244085;600000,0;63597,355691
Benevento-Grosseto;421504,54324499995;0;187464,291647
Benevento-Lecce;291992,885726;0;310850,387522
Benevento-Livorno;559020,6832289998;0;225710,714228
Benevento-Lucca;613856,6613209998;0;225710,714228
Benevento-Mantova;1096000,2193319998;0;249794,273125
Benevento-Massa e Carrara;639442,3119239998;0;225710,714228
Benevento-Messina;78664,80941599999;392000,0;22758,777819
Benevento-Milano;1191915,600644;0;186794,22887
Benevento-Napoli;69318,244085;0;63597,355691
Benevento-Novara;1261810,420726;0;186794,22887
Benevento-Padova;1025698,119238;0;249794,273125
Benevento-Palermo;69318,244085;410000,0;63597,355691
Benevento-Parma;1014467,110512;0;186794,22887
Benevento-Pavia;1232763,0924840001;0;191950,60696099998
Benevento-Pesaro;572069,7419520001;80000,0;0
Benevento-Piacenza;1094834,273178;0;186794,22887
Benevento-Pisa;583878,1886119999;0;225710,714228
Benevento-Porto Maurizio;1239064,2019439999;125000,0;289856,740795
Benevento-Ravenna;1020284,698278;0;249794,273125
Benevento-Reggio Calabria;78664,80941599999;374000,0;22758,777819
Benevento-Roma;276634,17359799996;0;186794,22887
Benevento-Rovigo;963673,192051;0;249794,273125
Benevento-Salerno;78664,80941599999;0;22758,777819
Benevento-Sassari;276634,17359799996;480000,0;186794,22887
Benevento-Siena;736459,4340059998;0;225710,714228
Benevento-Siracusa;306030,522772;392000,0;22758,777819
Benevento-Sondrio;1274619,5561110002;0;324362,355519
Benevento-Torino;1356326,7377429998;0;186794,22887
Benevento-Trapani;314665,35424899997;410000,0;63597,355691
Benevento-Treviso;1153138,835348;0;249794,273125
Benevento-Udine;1281194,059697;0;274693,625721
Benevento-Venezia;918250,781707;220000,0;249794,273125
Benevento-Verona;1102841,331877;0;249794,273125
Benevento-Vicenza;1069006,792409;0;249794,273125
Bergamo-Bologna;280065,15251499997;0;81770,08941300001
Bergamo-Brescia;70711,404186;0;0
Bergamo-Cagliari;892897,5034239999;570000,0;81770,08941300001
Bergamo-Campobasso;1282738,4441759996;0;268564,31828300003
Bergamo-Caserta;1114921,779874;0;146905,094535
Bergamo-Catania;1290669,8594769998;392000,0;204966,96259200003
Bergamo-Catanzaro;1464564,021626;430000,0;538576,127933
Bergamo-Chieti;1332177,2665749998;230000,0;81770,08941300001
Bergamo-Cremona;122699,71402599999;0;0
Bergamo-Cuneo;372533,61407300003;0;45425,655352
Bergamo-Ferrara;346842,9421810001;0;0
Bergamo-Firenze;464572,76319399994;0;81770,08941300001
Bergamo-Foggia;1366219,7924499998;0;81770,08941300001
Bergamo-Forlì;369976,89204099996;0;81770,08941300001
Bergamo-Genova;210980,51184299996;0;103062,511925
Bergamo-Agrigento;1100213,432937;600000,0;204966,96259200003
Bergamo-Grosseto;733113,3009019999;0;120016,511994
Bergamo-Lecce;1464564,021626;0;538576,127933
Bergamo-Livorno;595597,1609179999;0;81770,08941300001
Bergamo-Lucca;600718,1282439999;0;81770,08941300001
Bergamo-Mantova;209924,736484;0;0
Bergamo-Massa e Carrara;626303,7788469999;0;81770,08941300001
Bergamo-Messina;1171429,0090259998;392000,0;204966,96259200003
Bergamo-Milano;76024,240365;0;0
Bergamo-Napoli;1100213,432937;0;204966,96259200003
Bergamo-Novara;145919,060447;0;0
Bergamo-Padova;273624,83707400004;0;0
Bergamo-Palermo;1100213,432937;410000,0;204966,96259200003
Bergamo-Parma;155064,56650999998;0;81770,08941300001
Bergamo-Pavia;116871,73220500001;0;5156,378091
Bergamo-Pesaro;448876,8587520001;110000,0;0
Bergamo-Piacenza;173105,56783100002;0;0
Bergamo-Pisa;570739,6555349999;0;81770,08941300001
Bergamo-Porto Maurizio;210980,51184299996;125000,0;103062,511925
Bergamo-Ravenna;448876,8587520001;0;0
Bergamo-Reggio Calabria;1171429,0090259998;374000,0;204966,96259200003
Bergamo-Roma;892897,5034239999;0;81770,08941300001
Bergamo-Rovigo;301420,53183700005;0;0
Bergamo-Salerno;1171429,0090259998;0;204966,96259200003
Bergamo-Sassari;595597,1609179999;500000,0;81770,08941300001
Bergamo-Siena;593100,694497;0;81770,08941300001
Bergamo-Siracusa;1398794,722382;392000,0;204966,96259200003
Bergamo-Sondrio;105087,879089;0;55798,037236000004
Bergamo-Torino;280184,56138900004;0;0
Bergamo-Trapani;1345560,543101;410000,0;204966,96259200003
Bergamo-Treviso;314448,206842;0;0
Bergamo-Udine;442503,431191;0;24899,352596
Bergamo-Venezia;346842,9421810001;220000,0;0
Bergamo-Verona;162252,39201100002;0;0
Bergamo-Vicenza;230316,163903;0;0
Bologna-Brescia;304915,795195;0;63000,044255
Bologna-Cagliari;612832,350909;570000,0;0
Bologna-Campobasso;1002673,2916610001;0;186794,22887
Bologna-Caserta;834856,627359;0;65135,005122
Bologna-Catania;1010604,706962;392000,0;123196,873179
Bologna-Catanzaro;1184498,869111;430000,0;456806,03851999994
Bologna-Chieti;1052112,11406;230000,0;0
Bologna-Cremona;157365,438489;0;81770,08941300001
Bologna-Cuneo;522729,175546;0;45425,655352
Bologna-Ferrara;28784,2572;0;63000,044255
Bologna-Firenze;184507,610679;0;0
Bologna-Foggia;1086154,639935;0;0
Bologna-Forlì;89911,739526;0;0
Bologna-Genova;349597,67743700003;0;103062,511925
Bologna-Agrigento;820148,280422;600000,0;123196,873179
Bologna-Grosseto;453048,148387;0;38246,422581
Bologna-Lecce;1184498,869111;0;456806,03851999994
Bologna-Livorno;315532,008403;0;0
Bologna-Lucca;320652,975729;0;0
Bologna-Mantova;206533,694825;0;63000,044255
Bologna-Massa e Carrara;346238,626332;0;0
Bologna-Messina;891363,8565110001;392000,0;123196,873179
Bologna-Milano;302449,076137;0;0
Bologna-Napoli;820148,280422;0;123196,873179
Bologna-Novara;372343,89621900005;0;0
Bologna-Padova;136231,594731;0;63000,044255
Bologna-Palermo;820148,280422;410000,0;123196,873179
Bologna-Parma;125000,586005;0;0
Bologna-Pavia;343296,567977;0;5156,378091
Bologna-Pesaro;130818,173771;110000,0;63000,044255
Bologna-Piacenza;205367,748671;0;0
Bologna-Pisa;290674,50302;0;0
Bologna-Porto Maurizio;349597,67743700003;125000,0;103062,511925
Bologna-Ravenna;130818,173771;0;63000,044255
Bologna-Reggio Calabria;891363,8565110001;374000,0;123196,873179
Bologna-Roma;612832,350909;0;0
Bologna-Rovigo;74206,667544;0;63000,044255
Bologna-Salerno;891363,8565110001;0;123196,873179
Bologna-Sassari;315532,008403;500000,0;0
Bologna-Siena;313035,541982;0;0
Bologna-Siracusa;1118729,569867;392000,0;123196,873179
Bologna-Sondrio;385153,031604;0;137568,126649
Bologna-Torino;466860,21323600004;0;0
Bologna-Trapani;1065495,390586;410000,0;123196,873179
Bologna-Treviso;263672,310841;0;63000,044255
Bologna-Udine;391727,53518999997;0;87899,396851
Bologna-Venezia;28784,2572;220000,0;63000,044255
Bologna-Verona;213374,80737000002;0;63000,044255
Bologna-Vicenza;179540,267902;0;63000,044255
Brescia-Cagliari;917748,146104;570000,0;63000,044255
Brescia-Campobasso;1307589,0868559997;0;249794,273125
Brescia-Caserta;1139772,422554;0;128135,049377
Brescia-Catania;1315520,502157;392000,0;186196,917434
Brescia-Catanzaro;1489414,664306;430000,0;519806,082775
Brescia-Chieti;1357027,909255;230000,0;63000,044255
Brescia-Cremona;163170,894097;0;0
Brescia-Cuneo;413004,79414400004;0;45425,655352
Brescia-Ferrara;276131,5379950001;0;0
Brescia-Firenze;489423,40587400005;0;63000,044255
Brescia-Foggia;1391070,43513;0;63000,044255
Brescia-Forlì;394827,53472100006;0;63000,044255
Brescia-Genova;251451,69191399997;0;103062,511925
Brescia-Agrigento;1125064,075617;600000,0;186196,917434
Brescia-Grosseto;757963,9435820001;0;101246,466836
Brescia-Lecce;1489414,664306;0;519806,082775
Brescia-Livorno;620447,8035980001;0;63000,044255
Brescia-Lucca;625568,7709240001;0;63000,044255
Brescia-Mantova;207389,93660400002;0;0
Brescia-Massa e Carrara;651154,421527;0;63000,044255
Brescia-Messina;1196279,6517059999;392000,0;186196,917434
Brescia-Milano;116495,42043600001;0;0
Brescia-Napoli;1125064,075617;0;186196,917434
Brescia-Novara;186390,240518;0;0
Brescia-Padova;202913,432888;0;0
Brescia-Palermo;1125064,075617;410000,0;186196,917434
Brescia-Parma;195535,746581;0;81770,08941300001
Brescia-Pavia;157342,91227600002;0;5156,378091
Brescia-Pesaro;378165,4545660001;110000,0;0
Brescia-Piacenza;213576,74790200003;0;0
Brescia-Pisa;595590,2982150001;0;63000,044255
Brescia-Porto Maurizio;251451,69191399997;125000,0;103062,511925
Brescia-Ravenna;378165,4545660001;0;0
Brescia-Reggio Calabria;1196279,6517059999;374000,0;186196,917434
Brescia-Roma;917748,146104;0;63000,044255
Brescia-Rovigo;230709,12765100005;0;0
Brescia-Salerno;1196279,6517059999;0;186196,917434
Brescia-Sassari;620447,8035980001;500000,0;63000,044255
Brescia-Siena;617951,337177;0;63000,044255
Brescia-Siracusa;1423645,365062;392000,0;186196,917434
Brescia-Sondrio;175799,283275;0;55798,037236000004
Brescia-Torino;320655,74146000005;0;0
Brescia-Trapani;1370411,185781;410000,0;186196,917434
Brescia-Treviso;243736,802656;0;0
Brescia-Udine;371792,027005;0;24899,352596
Brescia-Venezia;276131,5379950001;220000,0;0
Brescia-Verona;91540,987825;0;0
Brescia-Vicenza;159604,759717;0;0
Cagliari-Campobasso;389840,940752;570000,0;186794,22887
Cagliari-Caserta;222024,27645;570000,0;65135,005122
Cagliari-Catania;525903,0204749999;410000,0;131644,617415
Cagliari-Catanzaro;406662,17002399993;688000,0;131644,617415
Cagliari-Chieti;520330,03974200005;800000,0;0
Cagliari-Cremona;770197,789398;570000,0;81770,08941300001
Cagliari-Cuneo;1135561,526455;570000,0;45425,655352
Cagliari-Ferrara;641616,6081089999;570000,0;63000,044255
Cagliari-Firenze;428324,74023;570000,0;0
Cagliari-Foggia;411608,736793;570000,0;186794,22887
Cagliari-Forlì;702744,0904349999;570000,0;0
Cagliari-Genova;962430,028346;570000,0;103062,511925
Cagliari-Agrigento;245347,110164;600000,0;0
Cagliari-Grosseto;144870,36964699998;570000,0;670,062777
Cagliari-Lecce;571666,518202;570000,0;456806,03851999994
Cagliari-Livorno;282386,509631;570000,0;38916,485358
Cagliari-Lucca;337222,487723;570000,0;38916,485358
Cagliari-Mantova;819366,0457339998;570000,0;63000,044255
Cagliari-Massa e Carrara;362808,1383260001;570000,0;38916,485358
Cagliari-Messina;406662,17002399993;410000,0;131644,617415
Cagliari-Milano;915281,4270459999;570000,0;0
Cagliari-Napoli;207315,929513;570000,0;123196,873179
Cagliari-Novara;985176,2471279998;570000,0;0
Cagliari-Padova;749063,9456399999;570000,0;63000,044255
Cagliari-Palermo;245347,110164;410000,0;0
Cagliari-Parma;737832,936914;570000,0;0
Cagliari-Pavia;956128,9188859999;570000,0;5156,378091
Cagliari-Pesaro;520330,03974200005;650000,0;0
Cagliari-Piacenza;818200,0995799999;570000,0;0
Cagliari-Pisa;307244,015014;570000,0;38916,485358
Cagliari-Porto Maurizio;962430,028346;695000,0;103062,511925
Cagliari-Ravenna;743650,5246799999;570000,0;63000,044255
Cagliari-Reggio Calabria;406662,17002399993;428000,0;131644,617415
Cagliari-Roma;0;570000,0;0
Cagliari-Rovigo;687039,0184529999;570000,0;63000,044255
Cagliari-Salerno;278531,50560200005;570000,0;123196,873179
Cagliari-Sassari;0;450000,0;0
Cagliari-Siena;459825,26040800003;570000,0;38916,485358
Cagliari-Siracusa;634027,88338;410000,0;131644,617415
Cagliari-Sondrio;997985,3825130002;570000,0;137568,126649
Cagliari-Torino;1079692,564145;570000,0;0
Cagliari-Trapani;0;410000,0;0
Cagliari-Treviso;876504,66175;570000,0;63000,044255
Cagliari-Udine;1004559,886099;570000,0;87899,396851
Cagliari-Venezia;641616,6081089999;790000,0;63000,044255
Cagliari-Verona;826207,1582789997;570000,0;63000,044255
Cagliari-Vicenza;792372,6188109999;570000,0;63000,044255
Campobasso-Caserta;227474,50040999998;0;63597,355691
Campobasso-Catania;311112,42702100007;392000,0;22758,777819
Campobasso-Catanzaro;405199,65287999995;430000,0;310850,387522
Campobasso-Chieti;685276,5091060001;230000,0;0
Campobasso-Cremona;1160038,73015;0;268564,318283
Campobasso-Cuneo;1525402,467207;0;232219,884222
Campobasso-Ferrara;1031457,548861;0;249794,273125
Campobasso-Firenze;818165,680982;0;186794,22887
Campobasso-Foggia;248181,33034900003;0;0
Campobasso-Forlì;1092585,031187;0;186794,22887
Campobasso-Genova;1352270,9690979999;0;289856,740795
Campobasso-Agrigento;182525,01123899998;600000,0;63597,355691
Campobasso-Grosseto;534711,310399;0;187464,291647
Campobasso-Lecce;405199,65287999995;0;310850,387522
Campobasso-Livorno;672227,450383;0;225710,714228
Campobasso-Lucca;727063,428475;0;225710,714228
Campobasso-Mantova;1209206,986486;0;249794,273125
Campobasso-Massa e Carrara;752649,0790779999;0;225710,714228
Campobasso-Messina;191871,57657000003;392000,0;22758,777819
Campobasso-Milano;1305122,367798;0;186794,22887
Campobasso-Napoli;182525,01123899998;0;63597,355691
Campobasso-Novara;1375017,18788;0;186794,22887
Campobasso-Padova;1138904,886392;0;249794,273125
Campobasso-Palermo;182525,01123899998;410000,0;63597,355691
Campobasso-Parma;1127673,877666;0;186794,22887
Campobasso-Pavia;1345969,8596380001;0;191950,60696099998
Campobasso-Pesaro;685276,5091060001;80000,0;0
Campobasso-Piacenza;1208041,040332;0;186794,22887
Campobasso-Pisa;697084,955766;0;225710,714228
Campobasso-Porto Maurizio;1352270,9690979999;125000,0;289856,740795
Campobasso-Ravenna;1133491,4654319999;0;249794,273125
Campobasso-Reggio Calabria;191871,57657000003;374000,0;22758,777819
Campobasso-Roma;389840,94075199997;0;186794,22887
Campobasso-Rovigo;1076879,959205;0;249794,273125
Campobasso-Salerno;191871,57657000003;0;22758,777819
Campobasso-Sassari;389840,94075199997;480000,0;186794,22887
Campobasso-Siena;849666,2011599999;0;225710,714228
Campobasso-Siracusa;419237,28992600006;392000,0;22758,777819
Campobasso-Sondrio;1387826,323265;0;324362,355519
Campobasso-Torino;1469533,5048969998;0;186794,22887
Campobasso-Trapani;427872,12140299997;410000,0;63597,355691
Campobasso-Treviso;1266345,602502;0;249794,273125
Campobasso-Udine;1394400,826851;0;274693,625721
Campobasso-Venezia;1031457,548861;220000,0;249794,273125
Campobasso-Verona;1216048,099031;0;249794,273125
Campobasso-Vicenza;1182213,559563;0;249794,273125
Caserta-Catania;235405,915711;392000,0;0
Caserta-Catanzaro;409300,07785999996;430000,0;333609,16534099996
Caserta-Chieti;686337,475208;230000,0;63597,355691
Caserta-Cremona;992222,0658480002;0;146905,094535
Caserta-Cuneo;1357585,802905;0;110560,660474
Caserta-Ferrara;863640,8845590001;0;128135,04937699999
Caserta-Firenze;650349,0166800001;0;65135,005122
Caserta-Foggia;249242,296451;0;63597,355691
Caserta-Forlì;924768,3668850001;0;65135,005122
Caserta-Genova;1184454,304796;0;168197,517047
Caserta-Agrigento;44949,489171;600000,0;0
Caserta-Grosseto;366894,646097;0;65805,067899
Caserta-Lecce;409300,07785999996;0;333609,16534099996
Caserta-Livorno;504410,786081;0;104051,49048000001
Caserta-Lucca;559246,764173;0;104051,49048000001
Caserta-Mantova;1041390,322184;0;128135,04937699999
Caserta-Massa e Carrara;584832,414776;0;104051,49048000001
Caserta-Messina;116165,06526;392000,0;0
Caserta-Milano;1137305,7034960003;0;65135,005122
Caserta-Napoli;44949,489171;0;0
Caserta-Novara;1207200,5235780003;0;65135,005122
Caserta-Padova;971088,2220900002;0;128135,04937699999
Caserta-Palermo;44949,489171;410000,0;0
Caserta-Parma;959857,2133640002;0;65135,005122
Caserta-Pavia;1178153,1953360003;0;70291,38321300001
Caserta-Pesaro;686337,475208;80000,0;63597,355691
Caserta-Piacenza;1040224,3760300002;0;65135,005122
Caserta-Pisa;529268,291464;0;104051,49048000001
Caserta-Porto Maurizio;1184454,304796;125000,0;168197,517047
Caserta-Ravenna;965674,8011300002;0;128135,04937699999
Caserta-Reggio Calabria;116165,06526;374000,0;0
Caserta-Roma;222024,27645;0;65135,005122
Caserta-Rovigo;909063,2949030001;0;128135,04937699999
Caserta-Salerno;116165,06526;0;0
Caserta-Sassari;222024,27645;480000,0;65135,005122
Caserta-Siena;681849,536858;0;104051,49048000001
Caserta-Siracusa;343530,778616;392000,0;0
Caserta-Sondrio;1220009,6589630004;0;202703,13177100001
Caserta-Torino;1301716,840595;0;65135,005122
Caserta-Trapani;290296,59933500004;410000,0;0
Caserta-Treviso;1098528,9382000002;0;128135,04937699999
Caserta-Udine;1226584,1625490002;0;153034,401973
Caserta-Venezia;863640,8845590001;220000,0;128135,04937699999
Caserta-Verona;1048231,434729;0;128135,04937699999
Caserta-Vicenza;1014396,8952610001;0;128135,04937699999
Catania-Catanzaro;119240,850451;278000,0;0
Catania-Chieti;661360,991699;622000,0;180331,20403199998
Catania-Cremona;1167970,145451;392000,0;204966,962592
Catania-Cuneo;1533333,882508;392000,0;168622,52853100002
Catania-Ferrara;1039388,964162;392000,0;186196,917434
Catania-Firenze;826097,096283;392000,0;123196,873179
Catania-Foggia;224265,81294200002;392000,0;180331,20403199998
Catania-Forlì;1100516,446488;392000,0;123196,873179
Catania-Genova;1360202,3843989999;392000,0;226259,385104
Catania-Agrigento;280555,910311;190000,0;131644,61741500002
Catania-Grosseto;542642,7257;392000,0;123866,935956
Catania-Lecce;412375,86305099993;392000,0;333609,16534099996
Catania-Livorno;680158,865684;392000,0;162113,358537
Catania-Lucca;734994,843776;392000,0;162113,358537
Catania-Mantova;1217138,401787;392000,0;186196,917434
Catania-Massa e Carrara;760580,4943789999;392000,0;162113,358537
Catania-Messina;119240,850451;0;0
Catania-Milano;1313053,783099;392000,0;123196,873179
Catania-Napoli;190456,42654;392000,0;0
Catania-Novara;1382948,603181;392000,0;123196,873179
Catania-Padova;1146836,301693;392000,0;186196,917434
Catania-Palermo;280555,910311;0;131644,61741500002
Catania-Parma;1135605,292967;392000,0;123196,873179
Catania-Pavia;1353901,2749390001;392000,0;128353,25127000001
Catania-Pesaro;661360,991699;472000,0;180331,20403199998
Catania-Piacenza;1215972,455633;392000,0;123196,873179
Catania-Pisa;705016,371067;392000,0;162113,358537
Catania-Porto Maurizio;1360202,3843989999;517000,0;226259,385104
Catania-Ravenna;1141422,8807329999;392000,0;186196,917434
Catania-Reggio Calabria;119240,850451;18000,0;0
Catania-Roma;397772,35605299997;392000,0;123196,873179
Catania-Rovigo;1084811,374506;392000,0;186196,917434
Catania-Salerno;119240,850451;392000,0;0
Catania-Sassari;397772,35605299997;872000,0;123196,873179
Catania-Siena;857597,6164609999;392000,0;162113,358537
Catania-Siracusa;108124,86290500002;0;0
Catania-Sondrio;1395757,738566;392000,0;260764,999828
Catania-Torino;1477464,9201979998;392000,0;123196,873179
Catania-Trapani;525903,020475;0;131644,61741500002
Catania-Treviso;1274277,017803;392000,0;186196,917434
Catania-Udine;1402332,242152;392000,0;211096,27003
Catania-Venezia;1039388,964162;612000,0;186196,917434
Catania-Verona;1223979,514332;392000,0;186196,917434
Catania-Vicenza;1190144,974864;392000,0;186196,917434
Catanzaro-Chieti;796152,6042879999;660000,0;0
Catanzaro-Cremona;1341864,3075999997;430000,0;538576,127933
Catanzaro-Cuneo;1707228,0446569996;430000,0;502231,693872
Catanzaro-Ferrara;1213283,126311;430000,0;519806,082775
Catanzaro-Firenze;999991,258432;430000,0;456806,03852
Catanzaro-Foggia;359057,425531;430000,0;0
Catanzaro-Forlì;1274410,608637;430000,0;456806,03852
Catanzaro-Genova;1534096,5465479996;430000,0;559868,550445
Catanzaro-Agrigento;161315,05986;468000,0;131644,61741500002
Catanzaro-Grosseto;716536,887849;430000,0;457476,101297
Catanzaro-Lecce;0;430000,0;0
Catanzaro-Livorno;854053,0278330001;430000,0;495722,52387800004
Catanzaro-Lucca;908889,0059250001;430000,0;495722,52387800004
Catanzaro-Mantova;1391032,563936;430000,0;519806,082775
Catanzaro-Massa e Carrara;934474,656528;430000,0;495722,52387800004
Catanzaro-Messina;0;278000,0;0
Catanzaro-Milano;1486947,9452479999;430000,0;456806,03852
Catanzaro-Napoli;364350,588689;430000,0;333609,165341
Catanzaro-Novara;1556842,7653299998;430000,0;456806,03852
Catanzaro-Padova;1320730,4638419999;430000,0;519806,082775
Catanzaro-Palermo;161315,05986;278000,0;131644,61741500002
Catanzaro-Parma;1309499,4551159998;430000,0;456806,03852
Catanzaro-Pavia;1527795,437088;430000,0;461962,416611
Catanzaro-Pesaro;796152,6042879999;510000,0;0
Catanzaro-Piacenza;1389866,6177819998;430000,0;456806,03852
Catanzaro-Pisa;878910,5332160001;430000,0;495722,52387800004
Catanzaro-Porto Maurizio;1534096,5465479996;555000,0;559868,550445
Catanzaro-Ravenna;1315317,0428819999;430000,0;519806,082775
Catanzaro-Reggio Calabria;0;260000,0;0
Catanzaro-Roma;571666,518202;430000,0;456806,03852
Catanzaro-Rovigo;1258705,536655;430000,0;519806,082775
Catanzaro-Salerno;293135,01259999996;430000,0;333609,165341
Catanzaro-Sassari;571666,518202;910000,0;456806,03852
Catanzaro-Siena;1031491,77861;430000,0;495722,52387800004
Catanzaro-Siracusa;227365,71335600002;278000,0;0
Catanzaro-Sondrio;1569651,9007149998;430000,0;594374,1651689999
Catanzaro-Torino;1651359,0823469996;430000,0;456806,03852
Catanzaro-Trapani;406662,170024;278000,0;131644,61741500002
Catanzaro-Treviso;1448171,179952;430000,0;519806,082775
Catanzaro-Udine;1576226,404301;430000,0;544705,435371
Catanzaro-Venezia;1213283,126311;650000,0;519806,082775
Catanzaro-Verona;1397873,676481;430000,0;519806,082775
Catanzaro-Vicenza;1364039,137013;430000,0;519806,082775
Chieti-Cremona;1209477,552549;230000,0;81770,08941300001
Chieti-Cuneo;1574841,2896059998;230000,0;45425,655352
Chieti-Ferrara;1080896,3712600002;230000,0;63000,044255
Chieti-Firenze;867604,503381;230000,0;0
Chieti-Foggia;437095,178757;230000,0;0
Chieti-Forlì;1142023,8535860002;230000,0;0
Chieti-Genova;1401709,7914969998;230000,0;103062,511925
Chieti-Agrigento;641387,9860370003;830000,0;63597,355691
Chieti-Grosseto;665200,409389;230000,0;670,062777
Chieti-Lecce;796152,604288;230000,0;0
Chieti-Livorno;802716,549373;230000,0;38916,485358
Chieti-Lucca;857552,527465;230000,0;38916,485358
Chieti-Mantova;1258645,8088850002;230000,0;63000,044255
Chieti-Massa e Carrara;883138,178068;230000,0;38916,485358
Chieti-Messina;542120,141248;622000,0;180331,204032
Chieti-Milano;1354561,190197;230000,0;0
Chieti-Napoli;641387,9860370003;230000,0;63597,355691
Chieti-Novara;1424456,010279;230000,0;0
Chieti-Padova;1188343,708791;230000,0;63000,044255
Chieti-Palermo;641387,9860370003;640000,0;63597,355691
Chieti-Parma;1177112,700065;230000,0;0
Chieti-Pavia;1395408,682037;230000,0;5156,378091
Chieti-Pesaro;0;310000,0;0
Chieti-Piacenza;1257479,862731;230000,0;0
Chieti-Pisa;827574,054756;230000,0;38916,485358
Chieti-Porto Maurizio;1401709,7914969998;355000,0;103062,511925
Chieti-Ravenna;1182930,287831;230000,0;63000,044255
Chieti-Reggio Calabria;542120,141248;604000,0;180331,204032
Chieti-Roma;520330,039742;230000,0;0
Chieti-Rovigo;1126318,7816040001;230000,0;63000,044255
Chieti-Salerno;542120,141248;230000,0;180331,204032
Chieti-Sassari;520330,039742;710000,0;0
Chieti-Siena;996132,434684;230000,0;0
Chieti-Siracusa;769485,854604;622000,0;180331,204032
Chieti-Sondrio;1437265,145664;230000,0;137568,126649
Chieti-Torino;1518972,3272959997;230000,0;0
Chieti-Trapani;886735,0962010003;640000,0;63597,355691
Chieti-Treviso;1315784,4249010002;230000,0;63000,044255
Chieti-Udine;1443839,6492500002;230000,0;87899,396851
Chieti-Venezia;1080896,3712600002;450000,0;63000,044255
Chieti-Verona;1265486,92143;230000,0;63000,044255
Chieti-Vicenza;1231652,3819620002;230000,0;63000,044255
Cremona-Cuneo;433201,48450300004;0;45425,655352
Cremona-Ferrara;207875,671609;0;81770,08941300001
Cremona-Firenze;341873,04916799994;0;81770,08941300001
Cremona-Foggia;1243520,0784239997;0;81770,08941300001
Cremona-Forlì;247277,178015;0;81770,08941300001
Cremona-Genova;271648,38227299997;0;103062,511925
Cremona-Agrigento;977513,7189109998;600000,0;204966,96259200003
Cremona-Grosseto;610413,586876;0;120016,511994
Cremona-Lecce;1341864,3076000002;0;538576,127933
Cremona-Livorno;472897,446892;0;81770,08941300001
Cremona-Lucca;478018,41421799996;0;81770,08941300001
Cremona-Mantova;87225,022458;0;0
Cremona-Massa e Carrara;503604,064821;0;81770,08941300001
Cremona-Messina;1048729,295;392000,0;204966,96259200003
Cremona-Milano;136692,11079500002;0;0
Cremona-Napoli;977513,7189109998;0;204966,96259200003
Cremona-Novara;206586,930877;0;0
Cremona-Padova;281576,97692600003;0;0
Cremona-Palermo;977513,7189109998;410000,0;204966,96259200003
Cremona-Parma;32364,852484;0;81770,08941300001
Cremona-Pavia;177539,60263500002;0;5156,378091
Cremona-Pesaro;309909,58818;110000,0;81770,08941300001
Cremona-Piacenza;112732,01515;0;81770,08941300001
Cremona-Pisa;448039,94150899997;0;81770,08941300001
Cremona-Porto Maurizio;271648,38227299997;125000,0;103062,511925
Cremona-Ravenna;309909,58818;0;81770,08941300001
Cremona-Reggio Calabria;1048729,295;374000,0;204966,96259200003
Cremona-Roma;770197,7893979999;0;81770,08941300001
Cremona-Rovigo;219552,04973900004;0;0
Cremona-Salerno;1048729,295;0;204966,96259200003
Cremona-Sassari;472897,446892;500000,0;81770,08941300001
Cremona-Siena;470400,98047099996;0;81770,08941300001
Cremona-Siracusa;1276095,008356;392000,0;204966,96259200003
Cremona-Sondrio;227787,593115;0;55798,037236000004
Cremona-Torino;340852,43181900005;0;0
Cremona-Trapani;1222860,8290749998;410000,0;204966,96259200003
Cremona-Treviso;355269,786068;0;0
Cremona-Udine;483325,010417;0;24899,352596
Cremona-Venezia;207875,671609;220000,0;81770,08941300001
Cremona-Verona;203073,971237;0;0
Cremona-Vicenza;271137,743129;0;0
Cuneo-Ferrara;573239,4086660001;0;45425,655352
Cuneo-Firenze;707236,786225;0;45425,655352
Cuneo-Foggia;1608883,815481;0;45425,655352
Cuneo-Forlì;612640,915072;0;45425,655352
Cuneo-Genova;141817,419267;0;186979,731898
Cuneo-Agrigento;1342877,4559680005;600000,0;168622,52853100002
Cuneo-Grosseto;975777,3239330001;0;83672,077933
Cuneo-Lecce;1707228,0446570006;0;502231,693872
Cuneo-Livorno;838261,1839490001;0;45425,655352
Cuneo-Lucca;843382,1512750001;0;45425,655352
Cuneo-Mantova;520426,5069609999;0;45425,655352
Cuneo-Massa e Carrara;868967,801878;0;45425,655352
Cuneo-Messina;1414093,0320570003;392000,0;168622,52853100002
Cuneo-Milano;296509,373708;0;45425,655352
Cuneo-Napoli;1342877,4559680005;0;168622,52853100002
Cuneo-Novara;226614,553626;0;45425,655352
Cuneo-Padova;615918,227032;0;45425,655352
Cuneo-Palermo;1342877,4559680005;410000,0;168622,52853100002
Cuneo-Parma;397728,589541;0;45425,655352
Cuneo-Pavia;288059,571895;0;45425,655352
Cuneo-Pesaro;675273,3252370001;110000,0;45425,655352
Cuneo-Piacenza;317361,426875;0;45425,655352
Cuneo-Pisa;813403,6785660001;0;45425,655352
Cuneo-Porto Maurizio;141817,419267;125000,0;186979,731898
Cuneo-Ravenna;675273,3252370001;0;45425,655352
Cuneo-Reggio Calabria;1414093,0320570003;374000,0;168622,52853100002
Cuneo-Roma;1135561,526455;0;45425,655352
Cuneo-Rovigo;618661,8190100001;0;45425,655352
Cuneo-Salerno;1414093,0320570003;0;168622,52853100002
Cuneo-Sassari;838261,1839490001;500000,0;45425,655352
Cuneo-Siena;835764,717528;0;45425,655352
Cuneo-Siracusa;1641458,7454130005;392000,0;168622,52853100002
Cuneo-Sondrio;469757,72946000006;0;101223,692588
Cuneo-Torino;92349,052684;0;45425,655352
Cuneo-Trapani;1588224,5661320004;410000,0;168622,52853100002
Cuneo-Treviso;656741,5968;0;45425,655352
Cuneo-Udine;784796,8211490001;0;70325,007948
Cuneo-Venezia;573239,4086660001;220000,0;45425,655352
Cuneo-Verona;504545,781969;0;45425,655352
Cuneo-Vicenza;572609,553861;0;45425,655352
Ferrara-Firenze;213291,86787900003;0;63000,044255
Ferrara-Foggia;1114938,897135;0;63000,044255
Ferrara-Forlì;118695,99672600001;0;63000,044255
Ferrara-Genova;400107,910557;0;103062,511925
Ferrara-Agrigento;848932,537622;600000,0;186196,917434
Ferrara-Grosseto;481832,4055870001;0;101246,466836
Ferrara-Lecce;1213283,1263110002;0;519806,082775
Ferrara-Livorno;344316,26560300007;0;63000,044255
Ferrara-Lucca;349437,23292900005;0;63000,044255
Ferrara-Mantova;177749,43762500002;0;0
Ferrara-Massa e Carrara;375022,8835320001;0;63000,044255
Ferrara-Messina;920148,1137110001;392000,0;186196,917434
Ferrara-Milano;352959,309257;0;0
Ferrara-Napoli;848932,537622;0;186196,917434
Ferrara-Novara;422854,12933900004;0;0
Ferrara-Padova;107447,337531;0;0
Ferrara-Palermo;848932,537622;410000,0;186196,917434
Ferrara-Parma;175510,819125;0;0
Ferrara-Pavia;393806,801097;0;5156,378091
Ferrara-Pesaro;102033,91657100001;110000,0;0
Ferrara-Piacenza;255877,981791;0;0
Ferrara-Pisa;319458,76022000005;0;63000,044255
Ferrara-Porto Maurizio;400107,910557;125000,0;103062,511925
Ferrara-Ravenna;102033,91657100001;0;0
Ferrara-Reggio Calabria;920148,1137110001;374000,0;186196,917434
Ferrara-Roma;641616,608109;0;63000,044255
Ferrara-Rovigo;45422,410344;0;0
Ferrara-Salerno;920148,1137110001;0;186196,917434
Ferrara-Sassari;344316,26560300007;500000,0;63000,044255
Ferrara-Siena;341819,79918200005;0;63000,044255
Ferrara-Siracusa;1147513,827067;392000,0;186196,917434
Ferrara-Sondrio;451930,82127;0;55798,037236000004
Ferrara-Torino;517370,44635600003;0;0
Ferrara-Trapani;1094279,6477859998;410000,0;186196,917434
Ferrara-Treviso;234888,053641;0;0
Ferrara-Udine;362943,27799;0;24899,352596
Ferrara-Venezia;0;220000,0;0
Ferrara-Verona;184590,55017;0;0
Ferrara-Vicenza;150756,010702;0;0
Firenze-Foggia;901647,0292559998;0;0
Firenze-Forlì;274419,350205;0;0
Firenze-Genova;534105,288116;0;103062,511925
Firenze-Agrigento;635640,669743;600000,0;123196,873179
Firenze-Grosseto;268540,537708;0;38246,422581
Firenze-Lecce;999991,2584320001;0;456806,03851999994
Firenze-Livorno;131024,397724;0;0
Firenze-Lucca;136145,36505;0;0
Firenze-Mantova;391041,305504;0;63000,044255
Firenze-Massa e Carrara;161731,015653;0;0
Firenze-Messina;706856,245832;392000,0;123196,873179
Firenze-Milano;486956,68681600003;0;0
Firenze-Napoli;635640,669743;0;123196,873179
Firenze-Novara;556851,506898;0;0
Firenze-Padova;320739,20541;0;63000,044255
Firenze-Palermo;635640,669743;410000,0;123196,873179
Firenze-Parma;309508,196684;0;0
Firenze-Pavia;527804,1786560001;0;5156,378091
Firenze-Pesaro;315325,78445;110000,0;63000,044255
Firenze-Piacenza;389875,35935000004;0;0
Firenze-Pisa;106166,892341;0;0
Firenze-Porto Maurizio;534105,288116;125000,0;103062,511925
Firenze-Ravenna;315325,78445;0;63000,044255
Firenze-Reggio Calabria;706856,245832;374000,0;123196,873179
Firenze-Roma;428324,74023;0;0
Firenze-Rovigo;258714,278223;0;63000,044255
Firenze-Salerno;706856,245832;0;123196,873179
Firenze-Sassari;131024,397724;500000,0;0
Firenze-Siena;128527,93130299999;0;0
Firenze-Siracusa;934221,9591880001;392000,0;123196,873179
Firenze-Sondrio;569660,6422829999;0;137568,126649
Firenze-Torino;651367,823915;0;0
Firenze-Trapani;880987,7799069998;410000,0;123196,873179
Firenze-Treviso;448179,92152;0;63000,044255
Firenze-Udine;576235,1458689999;0;87899,396851
Firenze-Venezia;213291,867879;220000,0;63000,044255
Firenze-Verona;397882,41804899997;0;63000,044255
Firenze-Vicenza;364047,878581;0;63000,044255
Foggia-Forlì;1176066,379461;0;0
Foggia-Genova;1435752,3173719996;0;103062,511925
Foggia-Agrigento;204292,80727999998;600000,0;63597,355691
Foggia-Grosseto;556479,1064399999;0;187464,291647
Foggia-Lecce;359057,425531;0;0
Foggia-Livorno;693995,2464239999;0;225710,714228
Foggia-Lucca;748831,2245159999;0;225710,714228
Foggia-Mantova;1292688,33476;0;63000,044255
Foggia-Massa e Carrara;774416,8751189999;0;225710,714228
Foggia-Messina;105024,962491;392000,0;180331,204032
Foggia-Milano;1388603,7160719999;0;0
Foggia-Napoli;204292,80727999998;0;63597,355691
Foggia-Novara;1458498,5361539999;0;0
Foggia-Padova;1222386,234666;0;63000,044255
Foggia-Palermo;204292,80727999998;410000,0;63597,355691
Foggia-Parma;1211155,2259399998;0;0
Foggia-Pavia;1429451,207912;0;5156,378091
Foggia-Pesaro;437095,178757;80000,0;0
Foggia-Piacenza;1291522,3886059998;0;0
Foggia-Pisa;718852,7518069999;0;225710,714228
Foggia-Porto Maurizio;1435752,3173719996;125000,0;103062,511925
Foggia-Ravenna;1216972,8137059999;0;63000,044255
Foggia-Reggio Calabria;105024,962491;374000,0;180331,204032
Foggia-Roma;411608,7367929999;0;186794,22887
Foggia-Rovigo;1160361,307479;0;63000,044255
Foggia-Salerno;105024,962491;0;180331,204032
Foggia-Sassari;411608,7367929999;480000,0;186794,22887
Foggia-Siena;871433,9972009999;0;225710,714228
Foggia-Siracusa;332390,675847;392000,0;180331,204032
Foggia-Sondrio;1471307,6715389998;0;137568,126649
Foggia-Torino;1553014,8531709996;0;0
Foggia-Trapani;449639,91744399996;410000,0;63597,355691
Foggia-Treviso;1349826,950776;0;63000,044255
Foggia-Udine;1477882,175125;0;87899,396851
Foggia-Venezia;1114938,897135;220000,0;63000,044255
Foggia-Verona;1299529,447305;0;63000,044255
Foggia-Vicenza;1265694,907837;0;63000,044255
Forlì-Genova;439509,416963;0;103062,511925
Forlì-Agrigento;910060,019948;600000,0;123196,873179
Forlì-Grosseto;542959,8879130001;0;38246,422581
Forlì-Lecce;1274410,6086370002;0;456806,03851999994
Forlì-Livorno;405443,74792900006;0;0
Forlì-Lucca;410564,71525500005;0;0
Forlì-Mantova;296445,43435100006;0;63000,044255
Forlì-Massa e Carrara;436150,3658580001;0;0
Forlì-Messina;981275,5960370001;392000,0;123196,873179
Forlì-Milano;392360,815663;0;0
Forlì-Napoli;910060,019948;0;123196,873179
Forlì-Novara;462255,63574500004;0;0
Forlì-Padova;226143,334257;0;63000,044255
Forlì-Palermo;910060,019948;410000,0;123196,873179
Forlì-Parma;214912,325531;0;0
Forlì-Pavia;433208,307503;0;5156,378091
Forlì-Pesaro;135254,451606;110000,0;0
Forlì-Piacenza;295279,488197;0;0
Forlì-Pisa;380586,24254600005;0;0
Forlì-Porto Maurizio;439509,416963;125000,0;103062,511925
Forlì-Ravenna;135254,451606;0;0
Forlì-Reggio Calabria;981275,5960370001;374000,0;123196,873179
Forlì-Roma;702744,090435;0;0
Forlì-Rovigo;164118,40707000002;0;63000,044255
Forlì-Salerno;981275,5960370001;0;123196,873179
Forlì-Sassari;405443,74792900006;500000,0;0
Forlì-Siena;402947,28150800004;0;0
Forlì-Siracusa;1208641,309393;392000,0;123196,873179
Forlì-Sondrio;475064,77112999995;0;137568,126649
Forlì-Torino;556771,9527619999;0;0
Forlì-Trapani;1155407,130112;410000,0;123196,873179
Forlì-Treviso;353584,05036699993;0;63000,044255
Forlì-Udine;481639,2747159999;0;87899,396851
Forlì-Venezia;135254,451606;220000,0;0
Forlì-Verona;303286,54689600004;0;63000,044255
Forlì-Vicenza;269452,007428;0;63000,044255
Genova-Agrigento;1169745,957859;600000,0;226259,385104
Genova-Grosseto;802645,8258239999;0;141308,934506
Genova-Lecce;1534096,546548;0;559868,550445
Genova-Livorno;665129,6858399999;0;103062,511925
Genova-Lucca;670250,6531659999;0;103062,511925
Genova-Mantova;358873,40473099996;0;103062,511925
Genova-Massa e Carrara;695836,3037689999;0;103062,511925
Genova-Messina;1240961,5339479998;392000,0;226259,385104
Genova-Milano;134956,27147799998;0;103062,511925
Genova-Napoli;1169745,957859;0;226259,385104
Genova-Novara;103526,913984;0;103062,511925
Genova-Padova;454365,124802;0;103062,511925
Genova-Palermo;1169745,957859;410000,0;226259,385104
Genova-Parma;224597,091432;0;103062,511925
Genova-Pavia;120533,36317400001;0;103062,511925
Genova-Pesaro;502141,827128;110000,0;103062,511925
Genova-Piacenza;144229,928766;0;103062,511925
Genova-Pisa;640272,1804569999;0;103062,511925
Genova-Porto Maurizio;0;125000,0;0
Genova-Ravenna;502141,827128;0;103062,511925
Genova-Reggio Calabria;1240961,5339479998;374000,0;226259,385104
Genova-Roma;962430,0283459999;0;103062,511925
Genova-Rovigo;445530,320901;0;103062,511925
Genova-Salerno;1240961,5339479998;0;226259,385104
Genova-Sassari;665129,6858399999;500000,0;103062,511925
Genova-Siena;662633,2194189999;0;103062,511925
Genova-Siracusa;1468327,247304;392000,0;226259,385104
Genova-Sondrio;308204,62723;0;158860,549161
Genova-Torino;85948,456957;0;141554,076546
Genova-Trapani;1415093,068023;410000,0;226259,385104
Genova-Treviso;495188,49457;0;103062,511925
Genova-Udine;623243,718919;0;127961,864521
Genova-Venezia;400107,91055699997;220000,0;103062,511925
Genova-Verona;342992,679739;0;103062,511925
Genova-Vicenza;411056,451631;0;103062,511925
Agrigento-Grosseto;352186,29916;600000,0;123866,935956
Agrigento-Lecce;364350,588689;600000,0;333609,16534099996
Agrigento-Livorno;489702,439144;600000,0;162113,358537
Agrigento-Lucca;544538,417236;600000,0;162113,358537
Agrigento-Mantova;1026681,975247;600000,0;186196,917434
Agrigento-Massa e Carrara;570124,067839;600000,0;162113,358537
Agrigento-Messina;161315,05986;190000,0;131644,617415
Agrigento-Milano;1122597,3565590002;600000,0;123196,873179
Agrigento-Napoli;0;600000,0;0
Agrigento-Novara;1192492,1766410002;600000,0;123196,873179
Agrigento-Padova;956379,8751530001;600000,0;186196,917434
Agrigento-Palermo;0;190000,0;0
Agrigento-Parma;945148,8664270001;600000,0;123196,873179
Agrigento-Pavia;1163444,8483990002;600000,0;128353,25127000001
Agrigento-Pesaro;641387,986037;680000,0;63597,355691
Agrigento-Piacenza;1025516,0290930001;600000,0;123196,873179
Agrigento-Pisa;514559,944527;600000,0;162113,358537
Agrigento-Porto Maurizio;1169745,957859;725000,0;226259,385104
Agrigento-Ravenna;950966,4541930001;600000,0;186196,917434
Agrigento-Reggio Calabria;161315,05986;208000,0;131644,617415
Agrigento-Roma;207315,929513;600000,0;123196,873179
Agrigento-Rovigo;894354,9479660001;600000,0;186196,917434
Agrigento-Salerno;71215,576089;600000,0;0
Agrigento-Sassari;245347,11016399998;1050000,0;0
Agrigento-Siena;667141,1899209999;600000,0;162113,358537
Agrigento-Siracusa;388680,773216;190000,0;131644,617415
Agrigento-Sondrio;1205301,3120260003;600000,0;260764,999828
Agrigento-Torino;1287008,493658;600000,0;123196,873179
Agrigento-Trapani;245347,11016399998;190000,0;0
Agrigento-Treviso;1083820,5912630002;600000,0;186196,917434
Agrigento-Udine;1211875,8156120002;600000,0;211096,27003
Agrigento-Venezia;848932,5376220001;820000,0;186196,917434
Agrigento-Verona;1033523,0877919999;600000,0;186196,917434
Agrigento-Vicenza;999688,5483240001;600000,0;186196,917434
Grosseto-Lecce;716536,887849;0;457476,10129699996
Grosseto-Livorno;137516,139984;0;38246,422581
Grosseto-Lucca;192352,118076;0;38246,422581
Grosseto-Mantova;659581,843212;0;101246,466836
Grosseto-Massa e Carrara;217937,76867900003;0;38246,422581
Grosseto-Messina;423401,87524900003;392000,0;123866,935956
Grosseto-Milano;755497,224524;0;38246,422581
Grosseto-Napoli;352186,29916;0;123866,935956
Grosseto-Novara;825392,044606;0;38246,422581
Grosseto-Padova;589279,7431180001;0;101246,466836
Grosseto-Palermo;352186,29916;410000,0;123866,935956
Grosseto-Parma;578048,734392;0;38246,422581
Grosseto-Pavia;796344,716364;0;43402,800672
Grosseto-Pesaro;665200,4093889999;80000,0;670,062777
Grosseto-Piacenza;658415,897058;0;38246,422581
Grosseto-Pisa;162373,64536700002;0;38246,422581
Grosseto-Porto Maurizio;802645,825824;125000,0;141308,93450600002
Grosseto-Ravenna;583866,3221580001;0;101246,466836
Grosseto-Reggio Calabria;423401,87524900003;374000,0;123866,935956
Grosseto-Roma;144870,36964699998;0;670,062777
Grosseto-Rovigo;527254,815931;0;101246,466836
Grosseto-Salerno;423401,87524900003;0;123866,935956
Grosseto-Sassari;144870,36964699998;480000,0;670,062777
Grosseto-Siena;314954,89076100005;0;38246,422581
Grosseto-Siracusa;650767,5886050002;392000,0;123866,935956
Grosseto-Sondrio;838201,1799910002;0;175814,54923
Grosseto-Torino;919908,361623;0;38246,422581
Grosseto-Trapani;597533,409324;410000,0;123866,935956
Grosseto-Treviso;716720,4592280001;0;101246,466836
Grosseto-Udine;844775,6835770002;0;126145,819432
Grosseto-Venezia;481832,405587;220000,0;101246,466836
Grosseto-Verona;666422,9557569999;0;101246,466836
Grosseto-Vicenza;632588,4162890001;0;101246,466836
Lecce-Livorno;854053,0278330001;0;495722,52387800004
Lecce-Lucca;908889,0059250001;0;495722,52387800004
Lecce-Mantova;1391032,563936;0;519806,082775
Lecce-Massa e Carrara;934474,656528;0;495722,52387800004
Lecce-Messina;293135,01259999996;392000,0;333609,165341
Lecce-Milano;1486947,9452479999;0;456806,03852
Lecce-Napoli;364350,588689;0;333609,165341
Lecce-Novara;1556842,7653299998;0;456806,03852
Lecce-Padova;1320730,4638419999;0;519806,082775
Lecce-Palermo;364350,588689;410000,0;333609,165341
Lecce-Parma;1309499,4551159998;0;456806,03852
Lecce-Pavia;1527795,437088;0;461962,416611
Lecce-Pesaro;796152,6042879999;80000,0;0
Lecce-Piacenza;1389866,6177819998;0;456806,03852
Lecce-Pisa;878910,5332160001;0;495722,52387800004
Lecce-Porto Maurizio;1534096,5465479996;125000,0;559868,550445
Lecce-Ravenna;1315317,0428819999;0;519806,082775
Lecce-Reggio Calabria;293135,01259999996;374000,0;333609,165341
Lecce-Roma;571666,518202;0;456806,03852
Lecce-Rovigo;1258705,536655;0;519806,082775
Lecce-Salerno;293135,01259999996;0;333609,165341
Lecce-Sassari;571666,518202;480000,0;456806,03852
Lecce-Siena;1031491,77861;0;495722,52387800004
Lecce-Siracusa;520500,725956;392000,0;333609,165341
Lecce-Sondrio;1569651,9007149998;0;594374,1651689999
Lecce-Torino;1651359,0823469996;0;456806,03852
Lecce-Trapani;609697,6988530001;410000,0;333609,165341
Lecce-Treviso;1448171,179952;0;519806,082775
Lecce-Udine;1576226,404301;0;544705,435371
Lecce-Venezia;1213283,126311;220000,0;519806,082775
Lecce-Verona;1397873,676481;0;519806,082775
Lecce-Vicenza;1364039,137013;0;519806,082775
Livorno-Lucca;54835,978092;0;0
Livorno-Mantova;522065,703228;0;63000,044255
Livorno-Massa e Carrara;80421,628695;0;0
Livorno-Messina;560918,0152329999;392000,0;162113,358537
Livorno-Milano;617981,0845400001;0;0
Livorno-Napoli;489702,4391439999;0;162113,358537
Livorno-Novara;687875,904622;0;0
Livorno-Padova;451763,60313400003;0;63000,044255
Livorno-Palermo;489702,4391439999;410000,0;162113,358537
Livorno-Parma;440532,594408;0;0
Livorno-Pavia;658828,5763800001;0;5156,378091
Livorno-Pesaro;446350,182174;110000,0;63000,044255
Livorno-Piacenza;520899,757074;0;0
Livorno-Pisa;24857,505383;0;0
Livorno-Porto Maurizio;665129,68584;125000,0;103062,511925
Livorno-Ravenna;446350,182174;0;63000,044255
Livorno-Reggio Calabria;560918,0152329999;374000,0;162113,358537
Livorno-Roma;282386,509631;0;38916,485358
Livorno-Rovigo;389738,67594700004;0;63000,044255
Livorno-Salerno;560918,0152329999;0;162113,358537
Livorno-Sassari;0;500000,0;0
Livorno-Siena;177438,75077699998;0;0
Livorno-Siracusa;788283,728589;392000,0;162113,358537
Livorno-Sondrio;700685,040007;0;137568,126649
Livorno-Torino;782392,221639;0;0
Livorno-Trapani;735049,5493079999;410000,0;162113,358537
Livorno-Treviso;579204,3192440001;0;63000,044255
Livorno-Udine;707259,5435930002;0;87899,396851
Livorno-Venezia;344316,265603;220000,0;63000,044255
Livorno-Verona;528906,815773;0;63000,044255
Livorno-Vicenza;495072,27630500006;0;63000,044255
Lucca-Mantova;527186,6705540001;0;63000,044255
Lucca-Massa e Carrara;59684,460305;0;0
Lucca-Messina;615753,993325;392000,0;162113,358537
Lucca-Milano;623102,051866;0;0
Lucca-Napoli;544538,417236;0;162113,358537
Lucca-Novara;692996,871948;0;0
Lucca-Padova;456884,5704600001;0;63000,044255
Lucca-Palermo;544538,417236;410000,0;162113,358537
Lucca-Parma;445653,56173400005;0;0
Lucca-Pavia;663949,5437060001;0;5156,378091
Lucca-Pesaro;451471,14950000006;110000,0;63000,044255
Lucca-Piacenza;526020,7244000001;0;0
Lucca-Pisa;29978,472708999998;0;0
Lucca-Porto Maurizio;670250,6531660001;125000,0;103062,511925
Lucca-Ravenna;451471,14950000006;0;63000,044255
Lucca-Reggio Calabria;615753,993325;374000,0;162113,358537
Lucca-Roma;337222,487723;0;38916,485358
Lucca-Rovigo;394859,6432730001;0;63000,044255
Lucca-Salerno;615753,993325;0;162113,358537
Lucca-Sassari;54835,978092;500000,0;0
Lucca-Siena;182559,71810300002;0;0
Lucca-Siracusa;843119,7066810001;392000,0;162113,358537
Lucca-Sondrio;705806,0073330001;0;137568,126649
Lucca-Torino;787513,1889650001;0;0
Lucca-Trapani;789885,5273999998;410000,0;162113,358537
Lucca-Treviso;584325,2865700001;0;63000,044255
Lucca-Udine;712380,5109190001;0;87899,396851
Lucca-Venezia;349437,23292900005;220000,0;63000,044255
Lucca-Verona;534027,7830990001;0;63000,044255
Lucca-Vicenza;500193,24363100005;0;63000,044255
Mantova-Massa e Carrara;552772,321157;0;63000,044255
Mantova-Messina;1097897,551336;392000,0;186196,917434
Mantova-Milano;223917,133253;0;0
Mantova-Napoli;1026681,9752469999;0;186196,917434
Mantova-Novara;293811,953335;0;0
Mantova-Padova;194351,954468;0;0
Mantova-Palermo;1026681,9752469999;410000,0;186196,917434
Mantova-Parma;119589,87494200001;0;81770,08941300001
Mantova-Pavia;264764,625093;0;5156,378091
Mantova-Pesaro;279783,35419600003;110000,0;0
Mantova-Piacenza;199957,037608;0;81770,08941300001
Mantova-Pisa;497208,197845;0;63000,044255
Mantova-Porto Maurizio;358873,404731;125000,0;103062,511925
Mantova-Ravenna;279783,35419600003;0;0
Mantova-Reggio Calabria;1097897,551336;374000,0;186196,917434
Mantova-Roma;819366,0457339999;0;63000,044255
Mantova-Rovigo;132327,02728100002;0;0
Mantova-Salerno;1097897,551336;0;186196,917434
Mantova-Sassari;522065,703228;500000,0;63000,044255
Mantova-Siena;519569,236807;0;63000,044255
Mantova-Siracusa;1325263,264692;392000,0;186196,917434
Mantova-Sondrio;315012,615573;0;55798,037236000004
Mantova-Torino;428077,45427700004;0;0
Mantova-Trapani;1272029,0854109998;410000,0;186196,917434
Mantova-Treviso;268044,76361;0;0
Mantova-Udine;396099,987959;0;24899,352596
Mantova-Venezia;177749,43762500002;220000,0;0
Mantova-Verona;115848,94877900001;0;0
Mantova-Vicenza;183912,72067100002;0;0
Massa e Carrara-Messina;641339,643928;392000,0;162113,358537
Massa e Carrara-Milano;648687,702469;0;0
Massa e Carrara-Napoli;570124,0678389999;0;162113,358537
Massa e Carrara-Novara;718582,5225509999;0;0
Massa e Carrara-Padova;482470,22106300003;0;63000,044255
Massa e Carrara-Palermo;570124,0678389999;410000,0;162113,358537
Massa e Carrara-Parma;471239,212337;0;0
Massa e Carrara-Pavia;689535,194309;0;5156,378091
Massa e Carrara-Pesaro;477056,800103;110000,0;63000,044255
Massa e Carrara-Piacenza;551606,375003;0;0
Massa e Carrara-Pisa;55564,123311999996;0;0
Massa e Carrara-Porto Maurizio;695836,3037690001;125000,0;103062,511925
Massa e Carrara-Ravenna;477056,800103;0;63000,044255
Massa e Carrara-Reggio Calabria;641339,643928;374000,0;162113,358537
Massa e Carrara-Roma;362808,13832599996;0;38916,485358
Massa e Carrara-Rovigo;420445,29387600004;0;63000,044255
Massa e Carrara-Salerno;641339,643928;0;162113,358537
Massa e Carrara-Sassari;80421,62869499999;500000,0;0
Massa e Carrara-Siena;208145,36870599998;0;0
Massa e Carrara-Siracusa;868705,357284;392000,0;162113,358537
Massa e Carrara-Sondrio;731391,6579360001;0;137568,126649
Massa e Carrara-Torino;813098,839568;0;0
Massa e Carrara-Trapani;815471,1780029999;410000,0;162113,358537
Massa e Carrara-Treviso;609910,9371730001;0;63000,044255
Massa e Carrara-Udine;737966,1615220001;0;87899,396851
Massa e Carrara-Venezia;375022,883532;220000,0;63000,044255
Massa e Carrara-Verona;559613,4337020001;0;63000,044255
Massa e Carrara-Vicenza;525778,894234;0;63000,044255
Messina-Milano;1193812,932648;392000,0;123196,873179
Messina-Napoli;71215,576089;392000,0;0
Messina-Novara;1263707,75273;392000,0;123196,873179
Messina-Padova;1027595,451242;392000,0;186196,917434
Messina-Palermo;161315,05986;0;131644,61741500002
Messina-Parma;1016364,442516;392000,0;123196,873179
Messina-Pavia;1234660,424488;392000,0;128353,25127000001
Messina-Pesaro;542120,141248;472000,0;180331,20403199998
Messina-Piacenza;1096731,605182;392000,0;123196,873179
Messina-Pisa;585775,5206159998;392000,0;162113,358537
Messina-Porto Maurizio;1240961,5339479998;517000,0;226259,385104
Messina-Ravenna;1022182,030282;392000,0;186196,917434
Messina-Reggio Calabria;0;18000,0;0
Messina-Roma;278531,50560199993;392000,0;123196,873179
Messina-Rovigo;965570,5240549999;392000,0;186196,917434
Messina-Salerno;0;392000,0;0
Messina-Sassari;278531,50560199993;872000,0;123196,873179
Messina-Siena;738356,7660099998;392000,0;162113,358537
Messina-Siracusa;227365,71335600002;0;0
Messina-Sondrio;1276516,888115;392000,0;260764,999828
Messina-Torino;1358224,0697469998;392000,0;123196,873179
Messina-Trapani;406662,170024;0;131644,61741500002
Messina-Treviso;1155036,167352;392000,0;186196,917434
Messina-Udine;1283091,391701;392000,0;211096,27003
Messina-Venezia;920148,113711;612000,0;186196,917434
Messina-Verona;1104738,663881;392000,0;186196,917434
Messina-Vicenza;1070904,124413;392000,0;186196,917434
Milano-Napoli;1122597,356559;0;123196,873179
Milano-Novara;69894,820082;0;0
Milano-Padova;319408,853324;0;0
Milano-Palermo;1122597,356559;410000,0;123196,873179
Milano-Parma;177448,490132;0;0
Milano-Pavia;40847,49184;0;5156,378091
Milano-Pesaro;454993,225828;110000,0;0
Milano-Piacenza;97081,327466;0;0
Milano-Pisa;593123,579157;0;0
Milano-Porto Maurizio;134956,271478;125000,0;103062,511925
Milano-Ravenna;454993,225828;0;0
Milano-Reggio Calabria;1193812,9326479998;374000,0;123196,873179
Milano-Roma;915281,4270459999;0;0
Milano-Rovigo;347204,54808700003;0;0
Milano-Salerno;1193812,9326479998;0;123196,873179
Milano-Sassari;617981,08454;500000,0;0
Milano-Siena;615484,6181189999;0;0
Milano-Siracusa;1421178,646004;392000,0;123196,873179
Milano-Sondrio;173248,355752;0;55798,037236000004
Milano-Torino;204160,321024;0;0
Milano-Trapani;1367944,466723;410000,0;123196,873179
Milano-Treviso;360232,223092;0;0
Milano-Udine;488287,44744099997;0;24899,352596
Milano-Venezia;352959,309257;220000,0;0
Milano-Verona;208036,408261;0;0
Milano-Vicenza;276100,180153;0;0
Modena-Reggio Emilia;54204,242195;0;2190,777729
Napoli-Novara;1192492,1766410002;0;123196,873179
Napoli-Padova;956379,8751530001;0;186196,917434
Napoli-Palermo;0;410000,0;0
Napoli-Parma;945148,8664270001;0;123196,873179
Napoli-Pavia;1163444,8483990002;0;128353,25127000001
Napoli-Pesaro;641387,986037;80000,0;63597,355691
Napoli-Piacenza;1025516,0290930001;0;123196,873179
Napoli-Pisa;514559,944527;0;162113,358537
Napoli-Porto Maurizio;1169745,957859;125000,0;226259,385104
Napoli-Ravenna;950966,4541930001;0;186196,917434
Napoli-Reggio Calabria;71215,576089;374000,0;0
Napoli-Roma;207315,929513;0;123196,873179
Napoli-Rovigo;894354,9479660001;0;186196,917434
Napoli-Salerno;71215,576089;0;0
Napoli-Sassari;207315,929513;480000,0;123196,873179
Napoli-Siena;667141,1899209999;0;162113,358537
Napoli-Siracusa;298581,289445;392000,0;0
Napoli-Sondrio;1205301,3120260003;0;260764,999828
Napoli-Torino;1287008,493658;0;123196,873179
Napoli-Trapani;245347,11016399998;410000,0;0
Napoli-Treviso;1083820,5912630002;0;186196,917434
Napoli-Udine;1211875,8156120002;0;211096,27003
Napoli-Venezia;848932,5376220001;220000,0;186196,917434
Napoli-Verona;1033523,0877919999;0;186196,917434
Napoli-Vicenza;999688,5483240001;0;186196,917434
Novara-Padova;389303,673406;0;0
Novara-Palermo;1192492,1766410002;410000,0;123196,873179
Novara-Parma;247343,310214;0;0
Novara-Pavia;87696,042998;0;0
Novara-Pesaro;524888,04591;110000,0;0
Novara-Piacenza;166976,14754799998;0;0
Novara-Pisa;663018,399239;0;0
Novara-Porto Maurizio;103526,91398400001;125000,0;103062,511925
Novara-Ravenna;524888,04591;0;0
Novara-Reggio Calabria;1263707,75273;374000,0;123196,873179
Novara-Roma;985176,247128;0;0
Novara-Rovigo;417099,368169;0;0
Novara-Salerno;1263707,75273;0;123196,873179
Novara-Sassari;687875,9046220001;500000,0;0
Novara-Siena;685379,438201;0;0
Novara-Siracusa;1491073,4660860002;392000,0;123196,873179
Novara-Sondrio;243143,175834;0;55798,037236000004
Novara-Torino;134265,500942;0;0
Novara-Trapani;1437839,2868050002;410000,0;123196,873179
Novara-Treviso;430127,043174;0;0
Novara-Udine;558182,2675229999;0;24899,352596
Novara-Venezia;422854,129339;220000,0;0
Novara-Verona;277931,228343;0;0
Novara-Vicenza;345995,000235;0;0
Padova-Palermo;956379,8751529999;410000,0;186196,917434
Padova-Parma;282958,156656;0;0
Padova-Pavia;360256,34516399994;0;5156,378091
Padova-Pesaro;209481,25410199998;110000,0;0
Padova-Piacenza;363325,319322;0;0
Padova-Pisa;426906,09775099996;0;63000,044255
Padova-Porto Maurizio;454365,124802;125000,0;103062,511925
Padova-Ravenna;209481,25410199998;0;0
Padova-Reggio Calabria;1027595,451242;374000,0;186196,917434
Padova-Roma;749063,9456399999;0;63000,044255
Padova-Rovigo;62024,927187;0;0
Padova-Salerno;1027595,451242;0;186196,917434
Padova-Sassari;451763,603134;500000,0;63000,044255
Padova-Siena;449267,13671299996;0;63000,044255
Padova-Siracusa;1254961,1645980002;392000,0;186196,917434
Padova-Sondrio;378712,716163;0;55798,037236000004
Padova-Torino;523569,174348;0;0
Padova-Trapani;1201726,985317;410000,0;186196,917434
Padova-Treviso;127440,71611000001;0;0
Padova-Udine;255495,940459;0;24899,352596
Padova-Venezia;107447,337531;220000,0;0
Padova-Verona;111372,445063;0;0
Padova-Vicenza;43308,673171;0;0
Palermo-Parma;945148,8664270001;410000,0;123196,873179
Palermo-Pavia;1163444,8483990002;410000,0;128353,25127000001
Palermo-Pesaro;641387,986037;490000,0;63597,355691
Palermo-Piacenza;1025516,0290930001;410000,0;123196,873179
Palermo-Pisa;514559,944527;410000,0;162113,358537
Palermo-Porto Maurizio;1169745,957859;535000,0;226259,385104
Palermo-Ravenna;950966,4541930001;410000,0;186196,917434
Palermo-Reggio Calabria;161315,05986;18000,0;131644,617415
Palermo-Roma;207315,929513;410000,0;123196,873179
Palermo-Rovigo;894354,9479660001;410000,0;186196,917434
Palermo-Salerno;71215,576089;410000,0;0
Palermo-Sassari;245347,11016399998;860000,0;0
Palermo-Siena;667141,1899209999;410000,0;162113,358537
Palermo-Siracusa;388680,773216;0;131644,617415
Palermo-Sondrio;1205301,3120260003;410000,0;260764,999828
Palermo-Torino;1287008,493658;410000,0;123196,873179
Palermo-Trapani;245347,11016399998;0;0
Palermo-Treviso;1083820,5912630002;410000,0;186196,917434
Palermo-Udine;1211875,8156120002;410000,0;211096,27003
Palermo-Venezia;848932,5376220001;630000,0;186196,917434
Palermo-Verona;1033523,0877919999;410000,0;186196,917434
Palermo-Vicenza;999688,5483240001;410000,0;186196,917434
Parma-Pavia;218295,981972;0;5156,378091
Parma-Pesaro;277544,735696;110000,0;0
Parma-Piacenza;80367,162666;0;0
Parma-Pisa;415675,089025;0;0
Parma-Porto Maurizio;224597,091432;125000,0;103062,511925
Parma-Ravenna;277544,735696;0;0
Parma-Reggio Calabria;1016364,442516;374000,0;123196,873179
Parma-Roma;737832,936914;0;0
Parma-Rovigo;220933,22946899998;0;0
Parma-Salerno;1016364,442516;0;123196,873179
Parma-Sassari;440532,594408;500000,0;0
Parma-Siena;438036,127987;0;0
Parma-Siracusa;1243730,1558720001;392000,0;123196,873179
Parma-Sondrio;260152,44559900003;0;137568,126649
Parma-Torino;341859,627231;0;0
Parma-Trapani;1190495,9765909999;410000,0;123196,873179
Parma-Treviso;410398,872766;0;0
Parma-Udine;538454,0971149999;0;24899,352596
Parma-Venezia;175510,81912499998;220000,0;0
Parma-Verona;235438,82372100002;0;81770,08941300001
Parma-Vicenza;326266,82982700004;0;0
Pavia-Pesaro;495840,717668;110000,0;5156,378091
Pavia-Piacenza;137928,81930600002;0;5156,378091
Pavia-Pisa;633971,070997;0;5156,378091
Pavia-Porto Maurizio;120533,363174;125000,0;103062,511925
Pavia-Ravenna;495840,717668;0;5156,378091
Pavia-Reggio Calabria;1234660,4244879999;374000,0;128353,25127
Pavia-Roma;956128,9188859999;0;5156,378091
Pavia-Rovigo;388052,03992699995;0;5156,378091
Pavia-Salerno;1234660,4244879999;0;128353,25127
Pavia-Sassari;658828,57638;500000,0;5156,378091
Pavia-Siena;656332,1099589999;0;5156,378091
Pavia-Siracusa;1462026,137844;392000,0;128353,25127
Pavia-Sondrio;214095,84759199998;0;60954,415327
Pavia-Torino;221961,54394;0;0
Pavia-Trapani;1408791,958563;410000,0;128353,25127
Pavia-Treviso;401079,7149319999;0;5156,378091
Pavia-Udine;529134,9392809998;0;30055,730687
Pavia-Venezia;393806,801097;220000,0;5156,378091
Pavia-Verona;248883,90010099998;0;5156,378091
Pavia-Vicenza;316947,67199299997;0;5156,378091
Pesaro-Piacenza;357911,898362;110000,0;0
Pesaro-Pisa;421492,676791;110000,0;63000,044255
Pesaro-Porto Maurizio;502141,82712800003;235000,0;103062,511925
Pesaro-Ravenna;0;110000,0;0
Pesaro-Reggio Calabria;542120,141248;454000,0;180331,204032
Pesaro-Roma;520330,039742;80000,0;0
Pesaro-Rovigo;147456,326915;110000,0;0
Pesaro-Salerno;542120,141248;80000,0;180331,204032
Pesaro-Sassari;520330,039742;560000,0;0
Pesaro-Siena;443853,715753;110000,0;63000,044255
Pesaro-Siracusa;769485,854604;472000,0;180331,204032
Pesaro-Sondrio;553964,7378410001;110000,0;55798,037236000004
Pesaro-Torino;619404,362927;110000,0;0
Pesaro-Trapani;886735,0962010003;490000,0;63597,355691
Pesaro-Treviso;336921,97021199996;110000,0;0
Pesaro-Udine;464977,1945609999;110000,0;24899,352596
Pesaro-Venezia;0;330000,0;0
Pesaro-Verona;286624,46674100007;110000,0;0
Pesaro-Vicenza;252789,927273;110000,0;0
Piacenza-Pisa;496042,251691;0;0
Piacenza-Porto Maurizio;144229,92876600003;125000,0;103062,511925
Piacenza-Ravenna;357911,898362;0;0
Piacenza-Reggio Calabria;1096731,605182;374000,0;123196,873179
Piacenza-Roma;818200,0995799999;0;0
Piacenza-Rovigo;301300,392135;0;0
Piacenza-Salerno;1096731,605182;0;123196,873179
Piacenza-Sassari;520899,757074;500000,0;0
Piacenza-Siena;518403,290653;0;0
Piacenza-Siracusa;1324097,318538;392000,0;123196,873179
Piacenza-Sondrio;270329,683218;0;55798,037236000004
Piacenza-Torino;261492,46456500006;0;0
Piacenza-Trapani;1270863,1392569998;410000,0;123196,873179
Piacenza-Treviso;457313,550558;0;0
Piacenza-Udine;585368,7749069999;0;24899,352596
Piacenza-Venezia;255877,981791;220000,0;0
Piacenza-Verona;305117,735727;0;0
Piacenza-Vicenza;373181,507619;0;0
Pisa-Porto Maurizio;640272,1804569999;125000,0;103062,511925
Pisa-Ravenna;421492,676791;0;63000,044255
Pisa-Reggio Calabria;585775,5206159999;374000,0;162113,358537
Pisa-Roma;307244,015014;0;38916,485358
Pisa-Rovigo;364881,17056400003;0;63000,044255
Pisa-Salerno;585775,5206159999;0;162113,358537
Pisa-Sassari;24857,505383;500000,0;0
Pisa-Siena;152581,245394;0;0
Pisa-Siracusa;813141,233972;392000,0;162113,358537
Pisa-Sondrio;675827,534624;0;137568,126649
Pisa-Torino;757534,7162559999;0;0
Pisa-Trapani;759907,0546909999;410000,0;162113,358537
Pisa-Treviso;554346,813861;0;63000,044255
Pisa-Udine;682402,03821;0;87899,396851
Pisa-Venezia;319458,76022;220000,0;63000,044255
Pisa-Verona;504049,31039;0;63000,044255
Pisa-Vicenza;470214,77092200005;0;63000,044255
Porto Maurizio-Ravenna;502141,827128;125000,0;103062,511925
Porto Maurizio-Reggio Calabria;1240961,5339479998;499000,0;226259,385104
Porto Maurizio-Roma;962430,0283459999;125000,0;103062,511925
Porto Maurizio-Rovigo;445530,320901;125000,0;103062,511925
Porto Maurizio-Salerno;1240961,5339479998;125000,0;226259,385104
Porto Maurizio-Sassari;0;480000,0;0
Porto Maurizio-Siena;662633,2194189999;125000,0;103062,511925
Porto Maurizio-Siracusa;1468327,247304;517000,0;226259,385104
Porto Maurizio-Sondrio;308204,62723;125000,0;158860,549161
Porto Maurizio-Torino;85948,456957;125000,0;141554,076546
Porto Maurizio-Trapani;1415093,068023;535000,0;226259,385104
Porto Maurizio-Treviso;495188,49457;125000,0;103062,511925
Porto Maurizio-Udine;623243,718919;125000,0;127961,864521
Porto Maurizio-Venezia;400107,91055699997;345000,0;103062,511925
Porto Maurizio-Verona;342992,679739;125000,0;103062,511925
Porto Maurizio-Vicenza;411056,451631;125000,0;103062,511925
Ravenna-Reggio Calabria;1022182,030282;374000,0;186196,917434
Ravenna-Roma;743650,5246799999;0;63000,044255
Ravenna-Rovigo;147456,326915;0;0
Ravenna-Salerno;1022182,030282;0;186196,917434
Ravenna-Sassari;446350,182174;500000,0;63000,044255
Ravenna-Siena;443853,715753;0;63000,044255
Ravenna-Siracusa;1249547,7436380002;392000,0;186196,917434
Ravenna-Sondrio;553964,7378410001;0;55798,037236000004
Ravenna-Torino;619404,362927;0;0
Ravenna-Trapani;1196313,564357;410000,0;186196,917434
Ravenna-Treviso;336921,97021199996;0;0
Ravenna-Udine;464977,1945609999;0;24899,352596
Ravenna-Venezia;0;220000,0;0
Ravenna-Verona;286624,46674100007;0;0
Ravenna-Vicenza;252789,927273;0;0
Reggio Calabria-Roma;278531,50560199993;374000,0;123196,873179
Reggio Calabria-Rovigo;965570,5240549999;374000,0;186196,917434
Reggio Calabria-Salerno;0;374000,0;0
Reggio Calabria-Sassari;278531,50560199993;854000,0;123196,873179
Reggio Calabria-Siena;738356,7660099998;374000,0;162113,358537
Reggio Calabria-Siracusa;227365,71335600002;18000,0;0
Reggio Calabria-Sondrio;1276516,888115;374000,0;260764,999828
Reggio Calabria-Torino;1358224,0697469998;374000,0;123196,873179
Reggio Calabria-Trapani;406662,170024;18000,0;131644,61741500002
Reggio Calabria-Treviso;1155036,167352;374000,0;186196,917434
Reggio Calabria-Udine;1283091,391701;374000,0;211096,27003
Reggio Calabria-Venezia;920148,113711;594000,0;186196,917434
Reggio Calabria-Verona;1104738,663881;374000,0;186196,917434
Reggio Calabria-Vicenza;1070904,124413;374000,0;186196,917434
Roma-Rovigo;687039,0184529999;0;63000,044255
Roma-Salerno;278531,50560200005;0;123196,873179
Roma-Sassari;0;480000,0;0
Roma-Siena;459825,26040800003;0;38916,485358
Roma-Siracusa;505897,21895800007;392000,0;123196,873179
Roma-Sondrio;997985,3825130002;0;137568,126649
Roma-Torino;1079692,564145;0;0
Roma-Trapani;452663,039677;410000,0;123196,873179
Roma-Treviso;876504,66175;0;63000,044255
Roma-Udine;1004559,886099;0;87899,396851
Roma-Venezia;641616,6081089999;220000,0;63000,044255
Roma-Verona;826207,1582789997;0;63000,044255
Roma-Vicenza;792372,6188109999;0;63000,044255
Rovigo-Salerno;965570,524055;0;186196,917434
Rovigo-Sassari;389738,67594700004;500000,0;63000,044255
Rovigo-Siena;387242,209526;0;63000,044255
Rovigo-Siracusa;1192936,237411;392000,0;186196,917434
Rovigo-Sondrio;406508,410926;0;55798,037236000004
Rovigo-Torino;551364,869111;0;0
Rovigo-Trapani;1139702,0581299998;410000,0;186196,917434
Rovigo-Treviso;189465,643297;0;0
Rovigo-Udine;317520,867646;0;24899,352596
Rovigo-Venezia;45422,410344;220000,0;0
Rovigo-Verona;139168,139826;0;0
Rovigo-Vicenza;105333,600358;0;0
Salerno-Sassari;278531,50560199993;480000,0;123196,873179
Salerno-Siena;738356,7660099998;0;162113,358537
Salerno-Siracusa;227365,71335600002;392000,0;0
Salerno-Sondrio;1276516,888115;0;260764,999828
Salerno-Torino;1358224,0697469998;0;123196,873179
Salerno-Trapani;316562,686253;410000,0;0
Salerno-Treviso;1155036,167352;0;186196,917434
Salerno-Udine;1283091,391701;0;211096,27003
Salerno-Venezia;920148,113711;220000,0;186196,917434
Salerno-Verona;1104738,663881;0;186196,917434
Salerno-Vicenza;1070904,124413;0;186196,917434
Sassari-Siena;177438,75077699998;500000,0;0
Sassari-Siracusa;505897,21895800007;872000,0;123196,873179
Sassari-Sondrio;700685,040007;500000,0;137568,126649
Sassari-Torino;782392,221639;500000,0;0
Sassari-Trapani;0;860000,0;0
Sassari-Treviso;579204,3192440001;500000,0;63000,044255
Sassari-Udine;707259,5435930002;500000,0;87899,396851
Sassari-Venezia;344316,265603;720000,0;63000,044255
Sassari-Verona;528906,815773;500000,0;63000,044255
Sassari-Vicenza;495072,27630500006;500000,0;63000,044255
Siena-Siracusa;965722,479366;392000,0;162113,358537
Siena-Sondrio;698188,573586;0;137568,126649
Siena-Torino;779895,755218;0;0
Siena-Trapani;912488,3000849998;410000,0;162113,358537
Siena-Treviso;576707,852823;0;63000,044255
Siena-Udine;704763,0771720001;0;87899,396851
Siena-Venezia;341819,799182;220000,0;63000,044255
Siena-Verona;526410,349352;0;63000,044255
Siena-Vicenza;492575,809884;0;63000,044255
Siracusa-Sondrio;1503882,601471;392000,0;260764,999828
Siracusa-Torino;1585589,7831029997;392000,0;123196,873179
Siracusa-Trapani;634027,88338;0;131644,61741500002
Siracusa-Treviso;1382401,8807080002;392000,0;186196,917434
Siracusa-Udine;1510457,1050570002;392000,0;211096,27003
Siracusa-Venezia;1147513,827067;612000,0;186196,917434
Siracusa-Verona;1332104,377237;392000,0;186196,917434
Siracusa-Vicenza;1298269,837769;392000,0;186196,917434
Sondrio-Torino;377408,676776;0;55798,037236000004
Sondrio-Trapani;1450648,4221900003;410000,0;260764,99982799997
Sondrio-Treviso;419536,08593099995;0;55798,037236000004
Sondrio-Udine;547591,3102799999;0;80697,389832
Sondrio-Venezia;451930,82127;220000,0;55798,037236000004
Sondrio-Verona;267340,27109999995;0;55798,037236000004
Sondrio-Vicenza;335404,04299199994;0;55798,037236000004
Torino-Trapani;1532355,6038220003;410000,0;123196,873179
Torino-Treviso;564392,5441160001;0;0
Torino-Udine;692447,7684650001;0;24899,352596
Torino-Venezia;517370,44635600003;220000,0;0
Torino-Verona;412196,72928500007;0;0
Torino-Vicenza;480260,50117700006;0;0
Trapani-Treviso;1329167,701427;410000,0;186196,917434
Trapani-Udine;1457222,9257760001;410000,0;211096,27003
Trapani-Venezia;1094279,647786;630000,0;186196,917434
Trapani-Verona;1278870,197956;410000,0;186196,917434
Trapani-Vicenza;1245035,658488;410000,0;186196,917434
Treviso-Udine;128055,224349;0;24899,352596
Treviso-Venezia;234888,053641;220000,0;0
Treviso-Verona;152195,814831;0;0
Treviso-Vicenza;84132,042939;0;0
Udine-Venezia;362943,27799000003;220000,0;24899,352596
Udine-Verona;280251,03918;0;24899,352596
Udine-Vicenza;212187,267288;0;24899,352596
Venezia-Verona;184590,55017;220000,0;0
Venezia-Vicenza;150756,010702;220000,0;0
Verona-Vicenza;68063,771892;0;0
AVERAGE;692963,131460738;161530,83434099154;108207,84571196235